Env,Hybrid,DP,DH,Yield
ARH1_2016,B110/DK3IIH6,20160407,20160830,6.256465752
ARH1_2016,TX740/LH195,20160407,20160830,6.059273443
ARH1_2016,4N506/DK3IIH6,20160407,20160830,5.691218354
ARH1_2016,PHW52/PHR03,20160407,20160830,8.525713661
ARH1_2016,CG102/DK3IIH6,20160407,20160830,7.672093127
ARH1_2016,PHHB9/PHW30,20160407,20160830,7.190764492
ARH1_2016,LH195/PHZ51,20160407,20160830,6.97679281
ARH1_2016,LH216/LH195,20160407,20160830,6.970176671
ARH1_2016,W10004_0062/DK3IIH6,20160407,20160830,4.92386307
ARH1_2016,BSSSC0_002/DK3IIH6,20160407,20160830,5.072742607
ARH1_2016,B111/DK3IIH6,20160407,20160830,7.890932944
ARH1_2016,PHW52/PHR63,20160407,20160830,7.552590265
ARH1_2016,PHV63/PHZ51,20160407,20160830,6.293863536
ARH1_2016,PHG29/PHG47,20160407,20160830,7.194650972
ARH1_2016,BSSSC0_015/DK3IIH6,20160407,20160830,6.831686626
ARH1_2016,W10001_0022/PHB47,20160407,20160830,5.403323275
ARH1_2016,F42/OH43,20160407,20160830,5.536591206
ARH1_2016,PHN11_PHW65_0323/LH195,20160407,20160830,6.711632726
ARH1_2016,TX6252/TX714,20160407,20160830,5.851848562
ARH1_2016,TX772W/LH195,20160407,20160830,6.154081649
ARH1_2016,BSSSC0_005/DK3IIH6,20160407,20160830,4.116238019
ARH1_2016,W10004_0008/DK3IIH6,20160407,20160830,7.55150643
ARH1_2016,LH222/DK3IIH6,20160407,20160830,6.974168977
ARH1_2016,BSSSC0_038/DK3IIH6,20160407,20160830,5.927534558
ARH1_2016,PHP38/LH185,20160407,20160830,4.609985142
ARH1_2016,DK78010/DK3IIH6,20160407,20160830,6.883473505
ARH1_2016,PHW52/PHN47,20160407,20160830,6.535996692
ARH1_2016,TX740/LH195,20160407,20160830,5.758558454
ARH1_2016,LH195/PHP60,20160407,20160830,7.256115735
ARH1_2016,W10004_0045/DK3IIH6,20160407,20160830,6.456854828
ARH1_2016,TX6252/TX714,20160407,20160830,4.8649455
ARH1_2016,W10004_0208/DK3IIH6,20160407,20160830,6.411870193
ARH1_2016,FBLA/DK3IIH6,20160407,20160830,6.742790245
ARH1_2016,LH195/LH82,20160407,20160830,6.490074196
ARH1_2016,BSSSC0_024/DK3IIH6,20160407,20160830,6.335808326
ARH1_2016,PHP38/PHR03,20160407,20160830,6.091905274
ARH1_2016,CO258/DK3IIH6,20160407,20160830,5.873291711
ARH1_2016,WF9/H95,20160407,20160830,7.177397194
ARH1_2016,PHW52/PHZ51,20160407,20160830,6.418803824
ARH1_2016,PHW52/PHM49,20160407,20160830,4.894409759
ARH1_2016,PHP38/PHW53,20160407,20160830,6.675818724
ARH1_2016,6F629/DK3IIH6,20160407,20160830,8.21275535
ARH1_2016,TX204/PHB47,20160407,20160830,7.265695086
ARH1_2016,B37/H95,20160407,20160830,6.767240399
ARH1_2016,LH195/Q381,20160407,20160830,6.510893315
ARH1_2016,TR_9-1-1-6/DK3IIH6,20160407,20160830,5.654393504
ARH1_2016,PHW52/LH185,20160407,20160830,7.598979872
ARH1_2016,W10004_0216/PHZ51,20160407,20160830,5.421628046
ARH1_2016,W10004_0026/DK3IIH6,20160407,20160830,6.94853281
ARH1_2016,LH195/PHW30,20160407,20160830,6.627436614
ARH1_2016,BSSSC0_033/DK3IIH6,20160407,20160830,5.860417063
ARH1_2016,W37A/PHB47,20160407,20160830,4.388984951
ARH1_2016,PHV63/PHR03,20160407,20160830,6.304307768
ARH1_2016,LH195/PHJ65,20160407,20160830,6.168828375
ARH1_2016,PHW52/PHN82,20160407,20160830,6.098400986
ARH1_2016,W10004_0225/DK3IIH6,20160407,20160830,7.713884639
ARH1_2016,W10004_0041/DK3IIH6,20160407,20160830,8.244679218
ARH1_2016,LH195/DK3IIH6,20160407,20160830,6.528300365
ARH1_2016,PHV63/PHP60,20160407,20160830,6.128781214
ARH1_2016,PHHB9/PHW30,20160407,20160830,7.640534184
ARH1_2016,LH195/DK3IIH6,20160407,20160830,6.840656546
ARH1_2016,W10004_0026/DK3IIH6,20160407,20160830,6.271486175
ARH1_2016,PHV63/PHR63,20160407,20160830,5.87909406
ARH1_2016,PHV63/LH210,20160407,20160830,6.740710156
ARH1_2016,LH195/Q381,20160407,20160830,4.755113223
ARH1_2016,LH195/PHN47,20160407,20160830,7.398076249
ARH1_2016,PHV63/PHJ65,20160407,20160830,8.173923397
ARH1_2016,CG106/DK3IIH6,20160407,20160830,5.117263782
ARH1_2016,BSSSC0_012/DK3IIH6,20160407,20160830,6.518786701
ARH1_2016,B73/PHZ51,20160407,20160830,5.957170333
ARH1_2016,N501/DK3IIH6,20160407,20160830,5.745088975
ARH1_2016,LH205/DK3IIH6,20160407,20160830,8.186998756
ARH1_2016,W10001_0022/PHB47,20160407,20160830,5.378975301
ARH1_2016,PHP38/PHN47,20160407,20160830,7.548017721
ARH1_2016,PHW52/PHW30,20160407,20160830,6.798047593
ARH1_2016,BSSSC0_020/DK3IIH6,20160407,20160830,4.878221568
ARH1_2016,FR19/DK3IIH6,20160407,20160830,6.775480463
ARH1_2016,W10004_0121/DK3IIH6,20160407,20160830,6.770064938
ARH1_2016,W10004_0292/DK3IIH6,20160407,20160830,6.34273465
ARH1_2016,2FACC/DK3IIH6,20160407,20160830,6.22984063
ARH1_2016,GEMS-0163/PHZ51,20160407,20160830,5.592297413
ARH1_2016,N217/DK3IIH6,20160407,20160830,8.03261246
ARH1_2016,LH149/DK3IIH6,20160407,20160830,5.675471725
ARH1_2016,BSSSC0_005/DK3IIH6,20160407,20160830,3.9465868
ARH1_2016,H91/DK3IIH6,20160407,20160830,6.62099564
ARH1_2016,LH222/DK3IIH6,20160407,20160830,6.311277886
ARH1_2016,BSSSC0_012/DK3IIH6,20160407,20160830,6.506459445
ARH1_2016,PHHB9/PHJ65,20160407,20160830,8.146236333
ARH1_2016,FE/DK3IIH6,20160407,20160830,5.661389167
ARH1_2016,B84/DK3IIH6,20160407,20160830,6.853914365
ARH1_2016,PHV63/NK787,20160407,20160830,5.924158977
ARH1_2016,PHW52/PHN82,20160407,20160830,8.239008241
ARH1_2016,LH209/DK3IIH6,20160407,20160830,6.51577605
ARH1_2016,BSSSC0_057/DK3IIH6,20160407,20160830,7.089285409
ARH1_2016,N28HT/DK3IIH6,20160407,20160830,5.81472812
ARH1_2016,B37/MO17,20160407,20160830,5.982645933
ARH1_2016,PHV63/PHR63,20160407,20160830,6.828654075
ARH1_2016,TX770/LH195,20160407,20160830,5.764594358
ARH1_2016,PHBW8/DK3IIH6,20160407,20160830,7.722642907
ARH1_2016,W37A/PHB47,20160407,20160830,7.350351008
ARH1_2016,PHHB9/PHR63,20160407,20160830,6.193114311
ARH1_2016,W10004_0212/DK3IIH6,20160407,20160830,7.334564237
ARH1_2016,PHHB9/PHZ51,20160407,20160830,7.553841965
ARH1_2016,N209/DK3IIH6,20160407,20160830,9.480995736
ARH1_2016,CG102/DK3IIH6,20160407,20160830,7.188972695
ARH1_2016,PHHB9/PHR03,20160407,20160830,8.264242991
ARH1_2016,ILL.HY/DK3IIH6,20160407,20160830,6.579010711
ARH1_2016,PHP38/LH210,20160407,20160830,6.927480132
ARH1_2016,PHV63/PHN82,20160407,20160830,6.932406659
ARH1_2016,PHW52/TX205,20160407,20160830,8.579821482
ARH1_2016,BSSSC0_048/DK3IIH6,20160407,20160830,6.685992905
ARH1_2016,B37/OH43,20160407,20160830,6.82057093
ARH1_2016,PHG80/PHZ51,20160407,20160830,6.2955714
ARH1_2016,PHHB9/PHM49,20160407,20160830,5.169893649
ARH1_2016,LH195/PHR03,20160407,20160830,4.901825089
ARH1_2016,PHV63/LH185,20160407,20160830,5.545283783
ARH1_2016,N192/DK3IIH6,20160407,20160830,6.348682973
ARH1_2016,B14A/H95,20160407,20160830,6.709494244
ARH1_2016,PHP38/PHJ65,20160407,20160830,6.243974279
ARH1_2016,N218/DK3IIH6,20160407,20160830,7.481746857
ARH1_2016,PHP38/PHW30,20160407,20160830,7.238975084
ARH1_2016,LH195/LH82,20160407,20160830,7.180725331
ARH1_2016,PHHB9/PHZ51,20160407,20160830,4.653192577
ARH1_2016,W10004_0225/DK3IIH6,20160407,20160830,7.163821885
ARH1_2016,A679/DK3IIH6,20160407,20160830,3.695432638
ARH1_2016,F42/OH43,20160407,20160830,6.397765739
ARH1_2016,SD101/DK3IIH6,20160407,20160830,7.568599642
ARH1_2016,BSSSC0_060/DK3IIH6,20160407,20160830,7.24600724
ARH1_2016,PHV63/Q381,20160407,20160830,6.346997008
ARH1_2016,PHV63/PHN82,20160407,20160830,6.678555677
ARH1_2016,DK78010/DK3IIH6,20160407,20160830,6.293724863
ARH1_2016,2FACC/DK3IIH6,20160407,20160830,7.07111931
ARH1_2016,W10004_0148/DK3IIH6,20160407,20160830,7.601538012
ARH1_2016,PHBW8/DK3IIH6,20160407,20160830,7.71480426
ARH1_2016,LH195/NK787,20160407,20160830,8.076830745
ARH1_2016,PHW52/PHW53,20160407,20160830,7.499376513
ARH1_2016,W10004_0041/DK3IIH6,20160407,20160830,4.421182519
ARH1_2016,B2/DK3IIH6,20160407,20160830,4.188785638
ARH1_2016,PHB09/DK3IIH6,20160407,20160830,6.476050022
ARH1_2016,PHP38/PHN82,20160407,20160830,6.18368458
ARH1_2016,PHW52/PHW53,20160407,20160830,8.792895442
ARH1_2016,PHP02/PHB47,20160407,20160830,6.723587751
ARH1_2016,PHV63/Q381,20160407,20160830,4.164970459
ARH1_2016,LH198/DK3IIH6,20160407,20160830,6.91291952
ARH1_2016,PHP38/PHR03,20160407,20160830,7.086417078
ARH1_2016,W10004_0011/DK3IIH6,20160407,20160830,8.044932416
ARH1_2016,SD101/DK3IIH6,20160407,20160830,6.961079025
ARH1_2016,W10004_0062/DK3IIH6,20160407,20160830,5.784906232
ARH1_2016,TX951/LH195,20160407,20160830,6.614908645
ARH1_2016,I159/DK3IIH6,20160407,20160830,6.529468133
ARH1_2016,B73/TX777,20160407,20160830,6.190001478
ARH1_2016,LH195/PHW53,20160407,20160830,4.802185241
ARH1_2016,W10004_0292/DK3IIH6,20160407,20160830,6.728623752
ARH1_2016,CG60/LH162,20160407,20160830,3.023411056
ARH1_2016,LH145/DK3IIH6,20160407,20160830,6.469433883
ARH1_2016,PHW52/PHP60,20160407,20160830,6.420902153
ARH1_2016,B37/OH43,20160407,20160830,6.248649002
ARH1_2016,BSSSC0_001/DK3IIH6,20160407,20160830,5.574328376
ARH1_2016,PHB47/PHZ51,20160407,20160830,5.390404836
ARH1_2016,W10004_0011/DK3IIH6,20160407,20160830,6.949755317
ARH1_2016,LH195/LH210,20160407,20160830,7.073567977
ARH1_2016,BSSSC0_057/DK3IIH6,20160407,20160830,6.047756326
ARH1_2016,PHW52/NK787,20160407,20160830,7.268687497
ARH1_2016,PHHB9/LH210,20160407,20160830,8.213554539
ARH1_2016,PHHB9/Q381,20160407,20160830,4.918743135
ARH1_2016,PHB47/DK3IIH6,20160407,20160830,6.84067844
ARH1_2016,LH195/NK787,20160407,20160830,6.591633559
ARH1_2016,PHP85/DK3IIH6,20160407,20160830,7.869373016
ARH1_2016,PHW52/PHR03,20160407,20160830,6.585776469
ARH1_2016,TX770/LH195,20160407,20160830,5.694502703
ARH1_2016,PHW52/PHJ65,20160407,20160830,8.523936463
ARH1_2016,W10004_0072/DK3IIH6,20160407,20160830,7.806787925
ARH1_2016,W10004_0216/PHZ51,20160407,20160830,6.164066069
ARH1_2016,PHV63/PHW53,20160407,20160830,7.061306407
ARH1_2016,PHV63/PHM49,20160407,20160830,6.293994915
ARH1_2016,PHN11_PHG47_0251/PHB47,20160407,20160830,6.926790422
ARH1_2016,A679/DK3IIH6,20160407,20160830,7.794088444
ARH1_2016,B110/DK3IIH6,20160407,20160830,4.545111952
ARH1_2016,F42/H95,20160407,20160830,5.027506174
ARH1_2016,NKH8431/DK3IIH6,20160407,20160830,7.151341356
ARH1_2016,B73/MO17,20160407,20160830,6.705903355
ARH1_2016,B73/PHN82,20160407,20160830,7.583470445
ARH1_2016,TX714/PHZ51,20160407,20160830,4.7045306
ARH1_2016,PHW52/NK787,20160407,20160830,7.051825583
ARH1_2016,W10004_0080/DK3IIH6,20160407,20160830,7.729430558
ARH1_2016,BSSSC0_002/DK3IIH6,20160407,20160830,4.912119698
ARH1_2016,LH198/PHZ51,20160407,20160830,6.052150055
ARH1_2016,BSSSC0_029/DK3IIH6,20160407,20160830,6.7695139
ARH1_2016,LH198/DK3IIH6,20160407,20160830,7.120074357
ARH1_2016,PHHB9/NK787,20160407,20160830,6.208382884
ARH1_2016,LH74/PHN82,20160407,20160830,6.976449779
ARH1_2016,F42/MO17,20160407,20160830,5.319141762
ARH1_2016,W10004_0095/DK3IIH6,20160407,20160830,6.346456911
ARH1_2016,W10004_0178/DK3IIH6,20160407,20160830,7.075399914
ARH1_2016,F42/H95,20160407,20160830,6.970735008
ARH1_2016,B105/DK3IIH6,20160407,20160830,5.45258121
ARH1_2016,PHHB9/PHN47,20160407,20160830,7.285846395
ARH1_2016,B119/DK3IIH6,20160407,20160830,7.486673385
ARH1_2016,PHP38/PHM49,20160407,20160830,4.804798123
ARH1_2016,W10005_0107/PHB47,20160407,20160830,6.381424284
ARH1_2016,PHV63/PHM49,20160407,20160830,5.072665973
ARH1_2016,PHB47/DK3IIH6,20160407,20160830,3.57470727
ARH1_2016,CG60/LH162,20160407,20160830,4.284860143
ARH1_2016,PHV63/PHR03,20160407,20160830,6.459496907
ARH1_2016,TR_9-1-1-6/DK3IIH6,20160407,20160830,5.486701946
ARH1_2016,LH216/LH195,20160407,20160830,6.280667757
ARH1_2016,B104/DK3IIH6,20160407,20160830,5.831160812
ARH1_2016,BSSSC0_009/DK3IIH6,20160407,20160830,6.83357695
ARH1_2016,6F629/DK3IIH6,20160407,20160830,7.418603429
ARH1_2016,PHP38/PHW30,20160407,20160830,7.445341678
ARH1_2016,PHV63/LH185,20160407,20160830,6.486216909
ARH1_2016,LH195/LH210,20160407,20160830,7.499350972
ARH1_2016,PHV37/DK3IIH6,20160407,20160830,7.459588451
ARH1_2016,PHP38/PHR55,20160407,20160830,7.046373564
ARH1_2016,W10004_0148/DK3IIH6,20160407,20160830,7.871741397
ARH1_2016,B73/TX6252,20160407,20160830,6.936544938
ARH1_2016,W10005_0107/PHB47,20160407,20160830,4.814362877
ARH1_2016,PHP38/PHN47,20160407,20160830,7.063890094
ARH1_2016,N209/DK3IIH6,20160407,20160830,7.715526817
ARH1_2016,LH195/PHZ51,20160407,20160830,7.305410167
ARH1_2016,PHV63/PHJ65,20160407,20160830,7.294874702
ARH1_2016,W10004_0212/DK3IIH6,20160407,20160830,6.993663416
ARH1_2016,LH195/PHR03,20160407,20160830,6.06282054
ARH1_2016,LH195/PHM49,20160407,20160830,5.109921437
ARH1_2016,B73/TX6252,20160407,20160830,5.286371259
ARH1_2016,BSSSC0_024/DK3IIH6,20160407,20160830,5.817359248
ARH1_2016,PHP38/LH210,20160407,20160830,7.140043194
ARH1_2016,MS222/DK3IIH6,20160407,20160830,5.265263843
ARH1_2016,BSSSC0_020/DK3IIH6,20160407,20160830,7.547302465
ARH1_2016,H122W/DK3IIH6,20160407,20160830,3.560234238
ARH1_2016,B14A/MO17,20160407,20160830,5.920469559
ARH1_2016,PHW52/PHW30,20160407,20160830,6.768313286
ARH1_2016,PHW52/PHJ65,20160407,20160830,7.015303625
ARH1_2016,TX150/LH195,20160407,20160830,6.881630622
ARH1_2016,2369/PHZ51,20160407,20160830,7.24485772
ARH1_2016,H91/DK3IIH6,20160407,20160830,7.049482748
ARH1_2016,LH74/PHN82,20160407,20160830,7.109338186
ARH1_2016,BSSSC0_008/DK3IIH6,20160407,20160830,5.743176754
ARH1_2016,PHV63/PHP60,20160407,20160830,7.421665167
ARH1_2016,A632/DK3IIH6,20160407,20160830,6.333293972
ARH1_2016,LH195/PHW30,20160407,20160830,6.532296325
ARH1_2016,PHP38/PHP60,20160407,20160830,5.665545693
ARH1_2016,PHG39/PHN82,20160407,20160830,7.254864035
ARH1_2016,PHP38/LH185,20160407,20160830,4.495540179
ARH1_2016,TX951/LH195,20160407,20160830,5.644073349
ARH1_2016,PHG39/PHN82,20160407,20160830,8.156074783
ARH1_2016,BSSSC0_009/DK3IIH6,20160407,20160830,7.034973223
ARH1_2016,H84/DK3IIH6,20160407,20160830,7.252039496
ARH1_2016,B2/DK3IIH6,20160407,20160830,4.244648764
ARH1_2016,B73/DK3IIH6,20160407,20160830,7.038115254
ARH1_2016,VA35/LH195,20160407,20160830,7.020799436
ARH1_2016,PHN11_PHG47_0251/PHB47,20160407,20160830,4.861482336
ARH1_2016,B14/DK3IIH6,20160407,20160830,5.575729698
ARH1_2016,CG44/CGR01,20160407,20160830,4.110599887
ARH1_2016,A634/DK3IIH6,20160407,20160830,4.713785165
ARH1_2016,PHV63/PHW53,20160407,20160830,6.035582339
ARH1_2016,PHV63/PHR55,20160407,20160830,7.409038672
ARH1_2016,W10004_0258/DK3IIH6,20160407,20160830,6.451556081
ARH1_2016,PHV63/NK787,20160407,20160830,5.897048502
ARH1_2016,W10004_0080/DK3IIH6,20160407,20160830,6.676971891
ARH1_2016,B104/DK3IIH6,20160407,20160830,6.612087753
ARH1_2016,PHV63/PHW30,20160407,20160830,6.61656177
ARH1_2016,BSSSC0_060/DK3IIH6,20160407,20160830,7.592545497
ARH1_2016,H84/DK3IIH6,20160407,20160830,6.458365627
ARH1_2016,LH198/PHZ51,20160407,20160830,5.99057946
ARH1_2016,B111/DK3IIH6,20160407,20160830,6.265216718
ARH1_2016,GEMS-0163/PHZ51,20160407,20160830,5.822625154
ARH1_2016,B73/MO17,20160407,20160830,5.602015437
ARH1_2016,PHP38/PHR63,20160407,20160830,6.585338558
ARH1_2016,LH195/PHR55,20160407,20160830,7.540992864
ARH1_2016,LH195/PHZ51,20160407,20160830,7.638242436
ARH1_2016,LH195/PHR55,20160407,20160830,6.760883358
ARH1_2016,LH195/PHZ51,20160407,20160830,7.839740895
ARH1_2016,W10004_0008/DK3IIH6,20160407,20160830,5.812239313
ARH1_2016,BSSSC0_003/DK3IIH6,20160407,20160830,5.783574246
ARH1_2016,H122W/DK3IIH6,20160407,20160830,4.546688439
ARH1_2016,PHV63/PHR55,20160407,20160830,5.418051755
ARH1_2016,A680/DK3IIH6,20160407,20160830,6.57266097
ARH1_2016,PHN11_PHW65_0323/LH195,20160407,20160830,6.346858335
ARH1_2016,PHHB9/LH185,20160407,20160830,6.764664012
ARH1_2016,PHB47/PHZ51,20160407,20160830,6.753168791
ARH1_2016,PHP38/PHM49,20160407,20160830,5.958100898
ARH1_2016,PHHB9/LH185,20160407,20160830,8.183758199
ARH1_2016,PHHB9/PHP60,20160407,20160830,7.061138541
ARH1_2016,LH195/PHW53,20160407,20160830,7.171375886
ARH1_2016,W10004_0140/DK3IIH6,20160407,20160830,6.886608236
ARH1_2016,B105/DK3IIH6,20160407,20160830,5.238806588
ARH1_2016,PHP38/PHN82,20160407,20160830,8.044947016
ARH1_2016,PHT69/DK3IIH6,20160407,20160830,6.663024357
ARH1_2016,TX303/TX777,20160407,20160830,4.678051448
ARH1_2016,CG44/CGR01,20160407,20160830,6.350055099
ARH1_2016,B37/MO17,20160407,20160830,5.717952954
ARH1_2016,PHBB3/DK3IIH6,20160407,20160830,7.541357789
ARH1_2016,MS222/DK3IIH6,20160407,20160830,6.966972607
ARH1_2016,LH195/PHM49,20160407,20160830,5.09441931
ARH1_2016,LH212HT/LH195,20160407,20160830,7.080414015
ARH1_2016,PHHB9/LH210,20160407,20160830,7.759821735
ARH1_2016,GEMS-0150/PHZ51,20160407,20160830,5.956261663
ARH1_2016,PHW52/PHR55,20160407,20160830,9.791155055
ARH1_2016,PHW52/LH185,20160407,20160830,6.956842213
ARH1_2016,W10004_0045/DK3IIH6,20160407,20160830,6.633421429
ARH1_2016,PHBB3/DK3IIH6,20160407,20160830,6.575996412
ARH1_2016,PHP38/PHJ65,20160407,20160830,6.743337636
ARH1_2016,PHG39/TX205,20160407,20160830,7.176200228
ARH1_2016,PHW52/Q381,20160407,20160830,5.923651728
ARH1_2016,W10004_0140/DK3IIH6,20160407,20160830,5.282130799
ARH1_2016,PHHB9/PHP60,20160407,20160830,6.821939403
ARH1_2016,BSSSC0_003/DK3IIH6,20160407,20160830,6.32138638
ARH1_2016,PHN11_OH43_0001/PHB47,20160407,20160830,6.016179135
ARH1_2016,PHV63/PHN47,20160407,20160830,6.877131065
ARH1_2016,PHP38/Q381,20160407,20160830,6.188862904
ARH1_2016,PHB09/DK3IIH6,20160407,20160830,6.315438064
ARH1_2016,PHP38/PHW53,20160407,20160830,5.937862011
ARH1_2016,LH149/DK3IIH6,20160407,20160830,7.614784884
ARH1_2016,LH220HT/DK3IIH6,20160407,20160830,7.622025053
ARH1_2016,N218/DK3IIH6,20160407,20160830,7.331440453
ARH1_2016,FR19/DK3IIH6,20160407,20160830,6.973898932
ARH1_2016,PHHB9/PHN47,20160407,20160830,8.02343818
ARH1_2016,PHP38/PHP60,20160407,20160830,6.672089163
ARH1_2016,LH195/PHN47,20160407,20160830,6.630764756
ARH1_2016,W10004_0095/DK3IIH6,20160407,20160830,7.21641526
ARH1_2016,B14A/H95,20160407,20160830,6.81602758
ARH1_2016,LH205/DK3IIH6,20160407,20160830,6.678526483
ARH1_2016,F42/MO17,20160407,20160830,6.533759684
ARH1_2016,LH195/LH185,20160407,20160830,6.39757598
ARH1_2016,BSSSC0_029/DK3IIH6,20160407,20160830,7.385646813
ARH1_2016,B119/DK3IIH6,20160407,20160830,8.622795366
ARH1_2016,PHP38/Q381,20160407,20160830,5.918889421
ARH1_2016,PHW52/PHM49,20160407,20160830,7.516925888
ARH1_2016,A680/DK3IIH6,20160407,20160830,7.455234867
ARH1_2016,PHT69/DK3IIH6,20160407,20160830,6.751055856
ARH1_2016,BSSSC0_017/DK3IIH6,20160407,20160830,6.388084209
ARH1_2016,PHV63/PHM57,20160407,20160830,6.448622063
ARH1_2016,LH212HT/LH195,20160407,20160830,7.112038646
ARH1_2016,ILL.HY/DK3IIH6,20160407,20160830,6.894184137
ARH1_2016,W10004_0178/DK3IIH6,20160407,20160830,7.500358168
ARH1_2016,B14A/MO17,20160407,20160830,8.164336746
ARH1_2016,TX714/TX777,20160407,20160830,8.316172196
ARH1_2016,PHW52/PHR63,20160407,20160830,6.886228711
ARH1_2016,B73/TX777,20160407,20160830,8.668031799
ARH1_2016,PHP38/PHR55,20160407,20160830,8.206113664
ARH1_2016,BSSSC0_054/DK3IIH6,20160407,20160830,2.07123086
ARH1_2016,PHV37/DK3IIH6,20160407,20160830,7.145122988
ARH1_2016,TX714/TX777,20160407,20160830,7.305851725
ARH1_2016,B73/PHM49,20160407,20160830,6.500668042
ARH1_2016,PHG80/DK3IIH6,20160407,20160830,7.160873267
ARH1_2016,VA35/LH195,20160407,20160830,7.012431646
ARH1_2016,N501/DK3IIH6,20160407,20160830,6.283222251
ARH1_2016,B109/DK3IIH6,20160407,20160830,4.398473071
ARH1_2016,PHHB9/NK787,20160407,20160830,6.738082682
ARH1_2016,A635/DK3IIH6,20160407,20160830,5.207882618
ARH1_2016,BSSSC0_026/DK3IIH6,20160407,20160830,8.923094336
ARH1_2016,PHW52/PHZ51,20160407,20160830,7.763325043
ARH1_2016,R229/DK3IIH6,20160407,20160830,6.147352382
ARH1_2016,PHV63/PHZ51,20160407,20160830,6.220848813
ARH1_2016,PHHB9/Q381,20160407,20160830,6.524727724
ARH1_2016,B109/DK3IIH6,20160407,20160830,5.265468203
ARH1_2016,PHW52/PHM49,20160407,20160830,6.160840108
ARH1_2016,BSSSC0_048/DK3IIH6,20160407,20160830,6.014555208
ARH1_2016,B97/PHB47,20160407,20160830,6.321641832
ARH1_2016,LH209/DK3IIH6,20160407,20160830,5.207003142
ARH1_2016,PHW52/PHR55,20160407,20160830,8.826359309
ARH1_2016,W10004_0007/DK3IIH6,20160407,20160830,6.809842052
ARH1_2016,BSSSC0_015/DK3IIH6,20160407,20160830,7.003034755
ARH1_2016,TX772W/LH195,20160407,20160830,6.674337118
ARH1_2016,B97/PHB47,20160407,20160830,5.838780502
ARH1_2016,PHV63/PHN47,20160407,20160830,7.310449815
ARH1_2016,R229/DK3IIH6,20160407,20160830,7.042607511
ARH1_2016,PHG29/PHG47,20160407,20160830,6.38986506
ARH1_2016,TX204/PHB47,20160407,20160830,7.382092411
ARH1_2016,DKFBHJ/DK3IIH6,20160407,20160830,5.731681533
ARH1_2016,N192/DK3IIH6,20160407,20160830,5.8988184
ARH1_2016,LH145/DK3IIH6,20160407,20160830,6.155231171
ARH1_2016,BSSSC0_017/DK3IIH6,20160407,20160830,5.707559814
ARH1_2016,TX714/PHZ51,20160407,20160830,7.562884878
ARH1_2016,N28HT/DK3IIH6,20160407,20160830,6.636242315
ARH1_2016,TX303/TX777,20160407,20160830,6.355609297
ARH1_2016,A632/DK3IIH6,20160407,20160830,5.704866648
ARH1_2016,LH220HT/DK3IIH6,20160407,20160830,6.855651422
ARH1_2016,W10004_0072/DK3IIH6,20160407,20160830,6.588053617
ARH1_2016,B73/DK3IIH6,20160407,20160830,5.202102164
ARH1_2016,LH195/LH185,20160407,20160830,7.170157025
ARH1_2016,PHW52/PHN82,20160407,20160830,5.587772311
ARH1_2016,PHG80/DK3IIH6,20160407,20160830,8.46381098
ARH1_2016,CI540/DK3IIH6,20160407,20160830,7.419709157
ARH1_2016,PHP02/PHB47,20160407,20160830,5.122296134
ARH1_2016,PB80/PHZ51,20160407,20160830,6.198529837
ARH1_2016,PHHB9/PHJ65,20160407,20160830,6.744213464
ARH1_2016,B14A/OH43,20160407,20160830,5.721963509
ARH1_2016,PHHB9/PHM49,20160407,20160830,7.654335746
ARH1_2016,AH83/DK3IIH6,20160407,20160830,1.015973199
ARH1_2016,W10004_0208/DK3IIH6,20160407,20160830,6.887936575
ARH1_2016,PB80/PHZ51,20160407,20160830,6.662575499
ARH1_2016,NKH8431/DK3IIH6,20160407,20160830,7.804207886
ARH1_2016,CG106/DK3IIH6,20160407,20160830,6.706669705
ARH1_2016,CO258/DK3IIH6,20160407,20160830,7.696236743
ARH1_2016,PHW52/Q381,20160407,20160830,6.676077823
ARH1_2016,I159/DK3IIH6,20160407,20160830,7.133412462
ARH1_2016,2369/DK3IIH6,20160407,20160830,8.388803748
ARH1_2016,PHW52/PHN47,20160407,20160830,7.926462301
ARH1_2016,W10004_0007/DK3IIH6,20160407,20160830,5.847126397
ARH1_2016,PHW52/PHM49,20160407,20160830,6.350000359
ARH1_2016,BSSSC0_054/DK3IIH6,20160407,20160830,2.688480451
ARH1_2016,W10004_0121/DK3IIH6,20160407,20160830,7.104254739
ARH1_2016,BSSSC0_001/DK3IIH6,20160407,20160830,5.18355654
ARH1_2016,B14A/OH43,20160407,20160830,6.18590699
ARH1_2016,LH195/PHJ65,20160407,20160830,8.071068535
ARH1_2016,LH195/PHN82,20160407,20160830,6.901708944
ARH1_2016,2369/PHZ51,20160407,20160830,7.019690055
ARH1_2016,A634/DK3IIH6,20160407,20160830,4.376416843
ARH1_2016,BSSSC0_038/DK3IIH6,20160407,20160830,6.21471073
ARH1_2016,FBLA/DK3IIH6,20160407,20160830,6.989167506
ARH1_2016,PHW52/TX205,20160407,20160830,8.196749619
ARH1_2016,CML269/LH195,20160407,20160830,4.460383048
ARH1_2016,CML269/LH195,20160407,20160830,7.482549699
ARH1_2016,PHV63/PHM57,20160407,20160830,4.839878619
ARH1_2016,PHV63/PHW30,20160407,20160830,5.024813008
ARH1_2016,BSSSC0_008/DK3IIH6,20160407,20160830,5.707147447
ARH1_2016,A635/DK3IIH6,20160407,20160830,6.476907604
ARH1_2016,PHG39/TX205,20160407,20160830,5.907229983
ARH1_2016,DKFBHJ/DK3IIH6,20160407,20160830,5.536098554
ARH1_2016,PHP85/DK3IIH6,20160407,20160830,7.984383622
ARH1_2016,PHHB9/PHR63,20160407,20160830,6.793821728
ARH1_2016,4N506/DK3IIH6,20160407,20160830,6.446191643
ARH1_2016,WF9/H95,20160407,20160830,6.089139123
ARH1_2016,B84/DK3IIH6,20160407,20160830,6.918590497
ARH1_2016,TX773/LH195,20160407,20160830,4.720248034
ARH1_2016,B37/H95,20160407,20160830,5.113074412
ARH1_2016,B73/PHM49,20160407,20160830,5.220600347
ARH1_2016,LH195/PHP60,20160407,20160830,7.714833454
ARH1_2016,LH195/PHN82,20160407,20160830,6.999768652
ARH1_2016,TX150/LH195,20160407,20160830,6.418712591
ARH1_2016,BSSSC0_033/DK3IIH6,20160407,20160830,4.292468884
ARH1_2016,GEMS-0150/PHZ51,20160407,20160830,6.608628244
ARH1_2016,W10004_0119/DK3IIH6,20160407,20160830,5.385346938
ARH1_2016,2369/DK3IIH6,20160407,20160830,6.980215832
ARH1_2016,PHN11_OH43_0001/PHB47,20160407,20160830,5.010409314
ARH1_2016,PHP38/PHR63,20160407,20160830,6.834657137
ARH1_2016,PHHB9/PHR03,20160407,20160830,8.244328887
ARH1_2016,PHW52/PHP60,20160407,20160830,7.250455711
ARH1_2016,PHV63/LH210,20160407,20160830,7.465755726
ARH1_2016,B73/PHZ51,20160407,20160830,6.538204501
ARH1_2016,TX773/LH195,20160407,20160830,5.377398813
ARH1_2016,N217/DK3IIH6,20160407,20160830,6.405567893
ARH1_2016,W10004_0258/DK3IIH6,20160407,20160830,4.634873208
ARH1_2016,CI540/DK3IIH6,20160407,20160830,6.572150072
ARH1_2016,PHG80/PHZ51,20160407,20160830,6.046256473
ARH1_2016,BSSSC0_026/DK3IIH6,20160407,20160830,4.610174904
ARH1_2016,PHW52/PHN82,20160407,20160830,7.376238975
ARH1_2016,W10004_0119/DK3IIH6,20160407,20160830,4.420996406
ARH1_2016,B73/PHN82,20160407,20160830,5.737126253
ARH1_2016,B14/DK3IIH6,20160407,20160830,6.325656038
ARH2_2016,A635/DK3IIH6,20160423,20161109,1.548111214
ARH2_2016,PHN11_OH43_0001/PHB47,20160423,20161109,1.511530362
ARH2_2016,CI540/DK3IIH6,20160423,20161109,1.625241821
ARH2_2016,PHW52/PHM49,20160423,20161109,1.205016297
ARH2_2016,PHV63/PHR63,20160423,20161109,1.503544739
ARH2_2016,W37A/PHB47,20160423,20161109,0.857737295
ARH2_2016,LH195/LH185,20160423,20161109,2.140027652
ARH2_2016,CI540/DK3IIH6,20160423,20161109,1.174221436
ARH2_2016,F42/OH43,20160423,20161109,1.78135997
ARH2_2016,PHW52/PHR63,20160423,20161109,1.462453045
ARH2_2016,LH74/PHN82,20160423,20161109,1.382445383
ARH2_2016,PHP38/PHW30,20160423,20161109,1.85766173
ARH2_2016,PHV63/PHW30,20160423,20161109,1.711338322
ARH2_2016,TR_9-1-1-6/DK3IIH6,20160423,20161109,1.026272212
ARH2_2016,FE/DK3IIH6,20160423,20161109,0.868520277
ARH2_2016,LH195/LH82,20160423,20161109,1.303521597
ARH2_2016,BSSSC0_038/DK3IIH6,20160423,20161109,10.28448257
ARH2_2016,PHP38/LH185,20160423,20161109,1.510813091
ARH2_2016,CG44/CGR01,20160423,20161109,0.799678143
ARH2_2016,W10004_0072/DK3IIH6,20160423,20161109,1.739303946
ARH2_2016,B14/DK3IIH6,20160423,20161109,1.227331413
ARH2_2016,I159/DK3IIH6,20160423,20161109,0.732214764
ARH2_2016,TX6252/TX714,20160423,20161109,1.916693183
ARH2_2016,LH195/LH210,20160423,20161109,1.505321978
ARH2_2016,PHW52/PHP60,20160423,20161109,1.54643758
ARH2_2016,LH195/PHN47,20160423,20161109,1.630469934
ARH2_2016,PHV63/LH210,20160423,20161109,0.959422499
ARH2_2016,WF9/H95,20160423,20161109,1.626931394
ARH2_2016,B73/PHM49,20160423,20161109,1.545385582
ARH2_2016,PHV63/PHP60,20160423,20161109,1.440998655
ARH2_2016,W10004_0178/DK3IIH6,20160423,20161109,5.369832951
ARH2_2016,LH145/DK3IIH6,20160423,20161109,1.353611064
ARH2_2016,LH195/DK3IIH6,20160423,20161109,1.22312342
ARH2_2016,PHG80/PHZ51,20160423,20161109,1.893597038
ARH2_2016,I159/DK3IIH6,20160423,20161109,1.053193807
ARH2_2016,PHV63/PHM57,20160423,20161109,1.523524738
ARH2_2016,PHV63/PHM49,20160423,20161109,1.329502768
ARH2_2016,PHG80/DK3IIH6,20160423,20161109,1.822905936
ARH2_2016,PHW52/PHM49,20160423,20161109,0.785890589
ARH2_2016,PHV63/LH210,20160423,20161109,1.497631233
ARH2_2016,LH195/DK3IIH6,20160423,20161109,1.490442577
ARH2_2016,PHW52/PHR55,20160423,20161109,1.717793767
ARH2_2016,W10001_0022/PHB47,20160423,20161109,1.960096085
ARH2_2016,W10004_0045/DK3IIH6,20160423,20161109,1.457734992
ARH2_2016,B73/PHN82,20160423,20161109,1.431195943
ARH2_2016,BSSSC0_024/DK3IIH6,20160423,20161109,1.110655232
ARH2_2016,LH212HT/LH195,20160423,20161109,1.78135997
ARH2_2016,PHHB9/PHM49,20160423,20161109,9.216176844
ARH2_2016,PHG39/TX205,20160423,20161109,1.450482579
ARH2_2016,GEMS-0150/PHZ51,20160423,20161109,0.985507277
ARH2_2016,2369/DK3IIH6,20160423,20161109,1.164849087
ARH2_2016,TX6252/TX714,20160423,20161109,11.33781022
ARH2_2016,PHP38/PHN47,20160423,20161109,1.509617638
ARH2_2016,W10004_0045/DK3IIH6,20160423,20161109,1.140103216
ARH2_2016,CG106/DK3IIH6,20160423,20161109,1.225841082
ARH2_2016,PHW52/PHN82,20160423,20161109,12.17048782
ARH2_2016,B14A/MO17,20160423,20161109,1.473084605
ARH2_2016,LH195/NK787,20160423,20161109,0.88967979
ARH2_2016,H91/DK3IIH6,20160423,20161109,1.072249322
ARH2_2016,W10004_0062/DK3IIH6,20160423,20161109,0.701332236
ARH2_2016,W10004_0041/DK3IIH6,20160423,20161109,0.924706553
ARH2_2016,LH195/Q381,20160423,20161109,1.577232441
ARH2_2016,PHHB9/PHW30,20160423,20161109,1.195357039
ARH2_2016,PHV63/PHZ51,20160423,20161109,1.468095582
ARH2_2016,PHW52/LH185,20160423,20161109,1.083733638
ARH2_2016,PHN11_PHW65_0323/LH195,20160423,20161109,7.731841823
ARH2_2016,LH222/DK3IIH6,20160423,20161109,1.29509764
ARH2_2016,PHP38/PHR55,20160423,20161109,1.240162605
ARH2_2016,LH195/PHZ51,20160423,20161109,0.715295123
ARH2_2016,LH216/LH195,20160423,20161109,1.398201449
ARH2_2016,PHBW8/DK3IIH6,20160423,20161109,1.874684976
ARH2_2016,LH195/PHP60,20160423,20161109,1.571494269
ARH2_2016,AH83/DK3IIH6,20160423,20161109,10.17401147
ARH2_2016,B105/DK3IIH6,20160423,20161109,12.81590266
ARH2_2016,LH195/LH185,20160423,20161109,1.405055377
ARH2_2016,B14A/H95,20160423,20161109,6.89189006
ARH2_2016,BSSSC0_029/DK3IIH6,20160423,20161109,0.975170596
ARH2_2016,PHW52/PHW30,20160423,20161109,1.425840315
ARH2_2016,LH195/PHW53,20160423,20161109,1.612299053
ARH2_2016,TX204/PHB47,20160423,20161109,1.688289995
ARH2_2016,PHP38/PHR03,20160423,20161109,10.23985551
ARH2_2016,PHG39/PHN82,20160423,20161109,1.669808297
ARH2_2016,PHW52/LH185,20160423,20161109,1.3635652
ARH2_2016,PHP38/PHR03,20160423,20161109,2.112667725
ARH2_2016,LH195/PHP60,20160423,20161109,1.161119274
ARH2_2016,PHP38/LH210,20160423,20161109,1.097903737
ARH2_2016,PHN11_PHW65_0323/LH195,20160423,20161109,1.758686218
ARH2_2016,H91/DK3IIH6,20160423,20161109,1.191212803
ARH2_2016,TX204/PHB47,20160423,20161109,1.886583715
ARH2_2016,BSSSC0_005/DK3IIH6,20160423,20161109,0.929105819
ARH2_2016,PHHB9/LH185,20160423,20161109,1.677937375
ARH2_2016,W10004_0140/DK3IIH6,20160423,20161109,1.864045447
ARH2_2016,PHB09/DK3IIH6,20160423,20161109,0.828895007
ARH2_2016,A679/DK3IIH6,20160423,20161109,1.424660802
ARH2_2016,PHP38/PHW53,20160423,20161109,1.725396846
ARH2_2016,PHV63/Q381,20160423,20161109,1.103004335
ARH2_2016,BSSSC0_008/DK3IIH6,20160423,20161109,1.115118256
ARH2_2016,W10004_0258/DK3IIH6,20160423,20161109,1.325517926
ARH2_2016,PHV63/PHM49,20160423,20161109,1.232559526
ARH2_2016,PHV63/PHN47,20160423,20161109,1.353364004
ARH2_2016,LH195/PHW30,20160423,20161109,7.169323157
ARH2_2016,B109/DK3IIH6,20160423,20161109,1.039047617
ARH2_2016,LH205/DK3IIH6,20160423,20161109,1.391044672
ARH2_2016,B37/MO17,20160423,20161109,1.872939615
ARH2_2016,PHW52/PHZ51,20160423,20161109,11.85303283
ARH2_2016,DKFBHJ/DK3IIH6,20160423,20161109,1.574554627
ARH2_2016,LH195/PHN82,20160423,20161109,1.054795714
ARH2_2016,W10004_0140/DK3IIH6,20160423,20161109,1.933477339
ARH2_2016,BSSSC0_038/DK3IIH6,20160423,20161109,0.790433309
ARH2_2016,PHB47/PHZ51,20160423,20161109,1.220318091
ARH2_2016,PHP38/PHJ65,20160423,20161109,1.574570567
ARH2_2016,W10004_0041/DK3IIH6,20160423,20161109,1.044570608
ARH2_2016,PHW52/PHN47,20160423,20161109,0.692246796
ARH2_2016,H122W/DK3IIH6,20160423,20161109,1.553419024
ARH2_2016,LH209/DK3IIH6,20160423,20161109,1.362130657
ARH2_2016,B73/TX777,20160423,20161109,2.621245172
ARH2_2016,PHW52/PHJ65,20160423,20161109,2.125738008
ARH2_2016,PHV63/PHR03,20160423,20161109,1.565198218
ARH2_2016,LH220HT/DK3IIH6,20160423,20161109,1.578125046
ARH2_2016,PHHB9/LH185,20160423,20161109,2.006089134
ARH2_2016,PHHB9/PHZ51,20160423,20161109,1.097903737
ARH2_2016,B73/MO17,20160423,20161109,1.89301525
ARH2_2016,PHV63/PHR63,20160423,20161109,1.560272953
ARH2_2016,4N506/DK3IIH6,20160423,20161109,1.580866618
ARH2_2016,B37/H95,20160423,20161109,1.271252345
ARH2_2016,LH195/PHZ51,20160423,20161109,7.193174871
ARH2_2016,B2/DK3IIH6,20160423,20161109,1.021586038
ARH2_2016,B14A/H95,20160423,20161109,1.767604295
ARH2_2016,TX303/TX777,20160423,20161109,1.473467149
ARH2_2016,B73/PHM49,20160423,20161109,1.527166883
ARH2_2016,ILL.HY/DK3IIH6,20160423,20161109,7.657611584
ARH2_2016,PHB09/DK3IIH6,20160423,20161109,1.853939888
ARH2_2016,W10004_0216/PHZ51,20160423,20161109,0.695466548
ARH2_2016,A634/DK3IIH6,20160423,20161109,1.616730198
ARH2_2016,CG44/CGR01,20160423,20161109,1.500850985
ARH2_2016,B111/DK3IIH6,20160423,20161109,1.360552659
ARH2_2016,B97/PHB47,20160423,20161109,1.532331239
ARH2_2016,BSSSC0_002/DK3IIH6,20160423,20161109,0.697347394
ARH2_2016,PHG80/DK3IIH6,20160423,20161109,1.625600457
ARH2_2016,PB80/PHZ51,20160423,20161109,1.3014176
ARH2_2016,PHB47/DK3IIH6,20160423,20161109,1.428326857
ARH2_2016,N209/DK3IIH6,20160423,20161109,1.765348875
ARH2_2016,B104/DK3IIH6,20160423,20161109,1.619025467
ARH2_2016,LH74/PHN82,20160423,20161109,1.321278054
ARH2_2016,BSSSC0_017/DK3IIH6,20160423,20161109,9.743425264
ARH2_2016,LH149/DK3IIH6,20160423,20161109,1.69092796
ARH2_2016,BSSSC0_026/DK3IIH6,20160423,20161109,1.377591844
ARH2_2016,PHV63/PHJ65,20160423,20161109,1.559460045
ARH2_2016,B37/OH43,20160423,20161109,1.556702534
ARH2_2016,LH195/PHM49,20160423,20161109,1.652099657
ARH2_2016,LH195/PHR03,20160423,20161109,2.130647333
ARH2_2016,PHV37/DK3IIH6,20160423,20161109,1.994254153
ARH2_2016,FE/DK3IIH6,20160423,20161109,1.859182346
ARH2_2016,TX951/LH195,20160423,20161109,8.998016211
ARH2_2016,CO258/DK3IIH6,20160423,20161109,1.246825261
ARH2_2016,LH195/LH82,20160423,20161109,1.583735704
ARH2_2016,TX770/LH195,20160423,20161109,1.364967865
ARH2_2016,LH216/LH195,20160423,20161109,1.08417994
ARH2_2016,PHHB9/PHN47,20160423,20161109,1.61314384
ARH2_2016,PHV63/Q381,20160423,20161109,1.176110251
ARH2_2016,6F629/DK3IIH6,20160423,20161109,1.566999367
ARH2_2016,PHN11_PHG47_0251/PHB47,20160423,20161109,1.801355909
ARH2_2016,R229/DK3IIH6,20160423,20161109,1.207168111
ARH2_2016,A679/DK3IIH6,20160423,20161109,1.446274586
ARH2_2016,LH209/DK3IIH6,20160423,20161109,1.879012515
ARH2_2016,PHW52/PHP60,20160423,20161109,1.381640444
ARH2_2016,W10004_0148/DK3IIH6,20160423,20161109,1.68791542
ARH2_2016,PHB47/DK3IIH6,20160423,20161109,1.826316961
ARH2_2016,W10004_0225/DK3IIH6,20160423,20161109,1.301058964
ARH2_2016,PHHB9/NK787,20160423,20161109,1.682934367
ARH2_2016,PHP38/PHM49,20160423,20161109,0.895665023
ARH2_2016,W10004_0212/DK3IIH6,20160423,20161109,0.823810348
ARH2_2016,BSSSC0_003/DK3IIH6,20160423,20161109,1.730441656
ARH2_2016,PHHB9/PHN47,20160423,20161109,1.785822994
ARH2_2016,PHW52/PHN47,20160423,20161109,0.934302054
ARH2_2016,BSSSC0_001/DK3IIH6,20160423,20161109,0.919789258
ARH2_2016,PHV63/LH185,20160423,20161109,0.843511407
ARH2_2016,MS222/DK3IIH6,20160423,20161109,1.41485809
ARH2_2016,B84/DK3IIH6,20160423,20161109,1.448824885
ARH2_2016,PHW52/TX205,20160423,20161109,2.343087243
ARH2_2016,GEMS-0163/PHZ51,20160423,20161109,10.45311217
ARH2_2016,CG102/DK3IIH6,20160423,20161109,1.945272472
ARH2_2016,PHW52/NK787,20160423,20161109,1.989998341
ARH2_2016,W10004_0119/DK3IIH6,20160423,20161109,1.420644081
ARH2_2016,PHW52/NK787,20160423,20161109,1.35118031
ARH2_2016,PHW52/PHJ65,20160423,20161109,1.623169703
ARH2_2016,BSSSC0_015/DK3IIH6,20160423,20161109,11.84049309
ARH2_2016,LH195/PHM49,20160423,20161109,12.49792933
ARH2_2016,LH195/LH210,20160423,20161109,1.507991822
ARH2_2016,LH195/Q381,20160423,20161109,0.819411082
ARH2_2016,N501/DK3IIH6,20160423,20161109,1.392479215
ARH2_2016,W10004_0258/DK3IIH6,20160423,20161109,1.269172257
ARH2_2016,PHW52/PHR55,20160423,20161109,1.887285047
ARH2_2016,DKFBHJ/DK3IIH6,20160423,20161109,1.404290288
ARH2_2016,TX714/PHZ51,20160423,20161109,1.310622586
ARH2_2016,PHHB9/PHR63,20160423,20161109,0.883128709
ARH2_2016,B73/PHN82,20160423,20161109,1.437468084
ARH2_2016,LH195/PHJ65,20160423,20161109,1.38932322
ARH2_2016,DK78010/DK3IIH6,20160423,20161109,1.635251745
ARH2_2016,LH195/PHZ51,20160423,20161109,1.373049125
ARH2_2016,NKH8431/DK3IIH6,20160423,20161109,1.7252773
ARH2_2016,W10004_0011/DK3IIH6,20160423,20161109,1.16323921
ARH2_2016,PHV63/NK787,20160423,20161109,1.40676886
ARH2_2016,PHV63/PHZ51,20160423,20161109,1.605684215
ARH2_2016,PHP38/LH210,20160423,20161109,7.964589524
ARH2_2016,F42/MO17,20160423,20161109,1.553419024
ARH2_2016,SD101/DK3IIH6,20160423,20161109,1.926471986
ARH2_2016,PHHB9/NK787,20160423,20161109,1.584564551
ARH2_2016,W10004_0121/DK3IIH6,20160423,20161109,1.621543887
ARH2_2016,PHP38/Q381,20160423,20161109,1.266502413
ARH2_2016,W10004_0121/DK3IIH6,20160423,20161109,1.38074784
ARH2_2016,B37/OH43,20160423,20161109,1.527150944
ARH2_2016,PHW52/Q381,20160423,20161109,11.92676038
ARH2_2016,2369/DK3IIH6,20160423,20161109,0.740192418
ARH2_2016,TX150/LH195,20160423,20161109,2.143964676
ARH2_2016,TX770/LH195,20160423,20161109,13.2860325
ARH2_2016,LH195/PHJ65,20160423,20161109,1.92687844
ARH2_2016,LH149/DK3IIH6,20160423,20161109,1.047216543
ARH2_2016,PHV63/PHR03,20160423,20161109,1.514718236
ARH2_2016,MS222/DK3IIH6,20160423,20161109,1.470151761
ARH2_2016,PHP38/PHP60,20160423,20161109,2.124136101
ARH2_2016,A680/DK3IIH6,20160423,20161109,1.655144077
ARH2_2016,F42/H95,20160423,20161109,1.573199781
ARH2_2016,BSSSC0_009/DK3IIH6,20160423,20161109,1.569198999
ARH2_2016,TR_9-1-1-6/DK3IIH6,20160423,20161109,1.018071407
ARH2_2016,SD101/DK3IIH6,20160423,20161109,0.902407376
ARH2_2016,BSSSC0_001/DK3IIH6,20160423,20161109,0.873636815
ARH2_2016,PHW52/TX205,20160423,20161109,2.286406847
ARH2_2016,FR19/DK3IIH6,20160423,20161109,1.385481833
ARH2_2016,DK78010/DK3IIH6,20160423,20161109,1.174221436
ARH2_2016,W10004_0008/DK3IIH6,20160423,20161109,1.690680901
ARH2_2016,N218/DK3IIH6,20160423,20161109,1.629401996
ARH2_2016,PHW52/PHN82,20160423,20161109,2.02461865
ARH2_2016,LH195/PHN47,20160423,20161109,1.877976456
ARH2_2016,LH212HT/LH195,20160423,20161109,1.660579402
ARH2_2016,TX714/PHZ51,20160423,20161109,1.540866771
ARH2_2016,B104/DK3IIH6,20160423,20161109,2.022323382
ARH2_2016,BSSSC0_033/DK3IIH6,20160423,20161109,1.064813607
ARH2_2016,N192/DK3IIH6,20160423,20161109,1.077915768
ARH2_2016,BSSSC0_020/DK3IIH6,20160423,20161109,1.060215099
ARH2_2016,PHBW8/DK3IIH6,20160423,20161109,1.435595208
ARH2_2016,BSSSC0_054/DK3IIH6,20160423,20161109,0.80430056
ARH2_2016,TX714/TX777,20160423,20161109,1.71063699
ARH2_2016,PHP38/LH185,20160423,20161109,1.975509455
ARH2_2016,PHV63/NK787,20160423,20161109,1.464979436
ARH2_2016,PHHB9/PHM49,20160423,20161109,6.451261023
ARH2_2016,PHP38/PHN82,20160423,20161109,1.78263512
ARH2_2016,LH195/NK787,20160423,20161109,1.502843406
ARH2_2016,B110/DK3IIH6,20160423,20161109,1.272073222
ARH2_2016,W10004_0148/DK3IIH6,20160423,20161109,1.681284643
ARH2_2016,W10001_0022/PHB47,20160423,20161109,1.374834334
ARH2_2016,W10004_0008/DK3IIH6,20160423,20161109,1.612299053
ARH2_2016,B14A/MO17,20160423,20161109,1.569302606
ARH2_2016,B14/DK3IIH6,20160423,20161109,1.230072985
ARH2_2016,B105/DK3IIH6,20160423,20161109,1.481954863
ARH2_2016,N28HT/DK3IIH6,20160423,20161109,1.216173855
ARH2_2016,ILL.HY/DK3IIH6,20160423,20161109,1.607190486
ARH2_2016,PHV63/PHN47,20160423,20161109,1.725436695
ARH2_2016,LH198/DK3IIH6,20160423,20161109,1.444130741
ARH2_2016,2FACC/DK3IIH6,20160423,20161109,1.319492845
ARH2_2016,BSSSC0_012/DK3IIH6,20160423,20161109,1.442672289
ARH2_2016,PHP85/DK3IIH6,20160423,20161109,1.516702688
ARH2_2016,BSSSC0_020/DK3IIH6,20160423,20161109,0.99702347
ARH2_2016,W10004_0208/DK3IIH6,20160423,20161109,0.695466548
ARH2_2016,PHP02/PHB47,20160423,20161109,1.457456053
ARH2_2016,PHV63/PHP60,20160423,20161109,1.946515743
ARH2_2016,PHBB3/DK3IIH6,20160423,20161109,1.689509356
ARH2_2016,H84/DK3IIH6,20160423,20161109,1.996692876
ARH2_2016,BSSSC0_048/DK3IIH6,20160423,20161109,1.755323011
ARH2_2016,W37A/PHB47,20160423,20161109,1.325023805
ARH2_2016,LH198/DK3IIH6,20160423,20161109,1.093584168
ARH2_2016,W10004_0292/DK3IIH6,20160423,20161109,1.396288724
ARH2_2016,TX772W/LH195,20160423,20161109,4.634506411
ARH2_2016,W10004_0095/DK3IIH6,20160423,20161109,11.02860164
ARH2_2016,W10004_0225/DK3IIH6,20160423,20161109,0.732214764
ARH2_2016,PHP38/PHW30,20160423,20161109,1.395260635
ARH2_2016,B37/H95,20160423,20161109,1.471841333
ARH2_2016,W10004_0011/DK3IIH6,20160423,20161109,8.783079928
ARH2_2016,TX773/LH195,20160423,20161109,8.323515695
ARH2_2016,PHW52/PHW53,20160423,20161109,1.773748922
ARH2_2016,N501/DK3IIH6,20160423,20161109,1.661583582
ARH2_2016,GEMS-0163/PHZ51,20160423,20161109,1.389307281
ARH2_2016,B109/DK3IIH6,20160423,20161109,1.304430141
ARH2_2016,R229/DK3IIH6,20160423,20161109,1.317388848
ARH2_2016,A632/DK3IIH6,20160423,20161109,1.963140504
ARH2_2016,FBLA/DK3IIH6,20160423,20161109,1.803268633
ARH2_2016,TX951/LH195,20160423,20161109,1.105172089
ARH2_2016,H84/DK3IIH6,20160423,20161109,2.008360494
ARH2_2016,B73/TX6252,20160423,20161109,1.634279443
ARH2_2016,B14A/OH43,20160423,20161109,1.553132116
ARH2_2016,TX740/LH195,20160423,20161109,13.47347889
ARH2_2016,PHV63/PHW30,20160423,20161109,1.161007698
ARH2_2016,W10004_0026/DK3IIH6,20160423,20161109,1.357428543
ARH2_2016,TX714/TX777,20160423,20161109,1.889213711
ARH2_2016,VA35/LH195,20160423,20161109,0.702352356
ARH2_2016,BSSSC0_060/DK3IIH6,20160423,20161109,1.551346906
ARH2_2016,N209/DK3IIH6,20160423,20161109,1.898952665
ARH2_2016,PHHB9/PHJ65,20160423,20161109,0.981227556
ARH2_2016,PHP38/PHP60,20160423,20161109,5.495937101
ARH2_2016,FBLA/DK3IIH6,20160423,20161109,1.360552659
ARH2_2016,PHT69/DK3IIH6,20160423,20161109,1.966726862
ARH2_2016,CG106/DK3IIH6,20160423,20161109,1.215966643
ARH2_2016,BSSSC0_005/DK3IIH6,20160423,20161109,0.976517472
ARH2_2016,PHV63/PHN82,20160423,20161109,1.00461061
ARH2_2016,B119/DK3IIH6,20160423,20161109,0.980892829
ARH2_2016,BSSSC0_002/DK3IIH6,20160423,20161109,5.467691649
ARH2_2016,B110/DK3IIH6,20160423,20161109,1.391793822
ARH2_2016,BSSSC0_012/DK3IIH6,20160423,20161109,1.285127565
ARH2_2016,PHHB9/PHW30,20160423,20161109,1.953369671
ARH2_2016,TX150/LH195,20160423,20161109,1.468374521
ARH2_2016,PHW52/PHW53,20160423,20161109,0.686986804
ARH2_2016,BSSSC0_017/DK3IIH6,20160423,20161109,1.324960049
ARH2_2016,4N506/DK3IIH6,20160423,20161109,1.242545541
ARH2_2016,6F629/DK3IIH6,20160423,20161109,1.366800892
ARH2_2016,PHG29/PHG47,20160423,20161109,1.084825484
ARH2_2016,BSSSC0_008/DK3IIH6,20160423,20161109,1.244179326
ARH2_2016,F42/MO17,20160423,20161109,1.494220208
ARH2_2016,PHV63/PHN82,20160423,20161109,0.792784365
ARH2_2016,BSSSC0_048/DK3IIH6,20160423,20161109,1.147570811
ARH2_2016,B73/DK3IIH6,20160423,20161109,1.230136742
ARH2_2016,PHG80/PHZ51,20160423,20161109,6.586839188
ARH2_2016,PHT69/DK3IIH6,20160423,20161109,1.563397069
ARH2_2016,PHHB9/PHP60,20160423,20161109,1.744125605
ARH2_2016,PHN11_OH43_0001/PHB47,20160423,20161109,1.175560342
ARH2_2016,PHP38/PHN47,20160423,20161109,2.109495791
ARH2_2016,W10004_0080/DK3IIH6,20160423,20161109,1.37848445
ARH2_2016,W10004_0208/DK3IIH6,20160423,20161109,1.057808254
ARH2_2016,PB80/PHZ51,20160423,20161109,1.128268235
ARH2_2016,LH195/PHW30,20160423,20161109,1.214707433
ARH2_2016,N217/DK3IIH6,20160423,20161109,1.457950173
ARH2_2016,PHV63/PHR55,20160423,20161109,1.833346223
ARH2_2016,B14A/OH43,20160423,20161109,1.447693189
ARH2_2016,W10004_0080/DK3IIH6,20160423,20161109,1.41991087
ARH2_2016,LH195/PHW53,20160423,20161109,11.25469246
ARH2_2016,PHV63/PHW53,20160423,20161109,1.575415354
ARH2_2016,W10005_0107/PHB47,20160423,20161109,1.502827467
ARH2_2016,B73/PHZ51,20160423,20161109,1.221720755
ARH2_2016,2FACC/DK3IIH6,20160423,20161109,1.665982848
ARH2_2016,PHHB9/PHP60,20160423,20161109,1.424142772
ARH2_2016,CG102/DK3IIH6,20160423,20161109,2.020004204
ARH2_2016,TX740/LH195,20160423,20161109,1.412164336
ARH2_2016,W10004_0178/DK3IIH6,20160423,20161109,1.973493125
ARH2_2016,W10004_0216/PHZ51,20160423,20161109,1.395762726
ARH2_2016,W10004_0095/DK3IIH6,20160423,20161109,1.251081073
ARH2_2016,W10005_0107/PHB47,20160423,20161109,1.444130741
ARH2_2016,B119/DK3IIH6,20160423,20161109,1.210547258
ARH2_2016,LH195/PHR55,20160423,20161109,1.925953957
ARH2_2016,F42/OH43,20160423,20161109,1.521763438
ARH2_2016,BSSSC0_026/DK3IIH6,20160423,20161109,1.768887414
ARH2_2016,NKH8431/DK3IIH6,20160423,20161109,1.595403322
ARH2_2016,F42/H95,20160423,20161109,1.504596737
ARH2_2016,PHP38/PHN82,20160423,20161109,1.193858739
ARH2_2016,N192/DK3IIH6,20160423,20161109,1.445509496
ARH2_2016,VA35/LH195,20160423,20161109,1.334316458
ARH2_2016,LH145/DK3IIH6,20160423,20161109,1.381624505
ARH2_2016,PHW52/PHM49,20160423,20161109,1.3014176
ARH2_2016,2369/PHZ51,20160423,20161109,1.530569939
ARH2_2016,BSSSC0_060/DK3IIH6,20160423,20161109,1.18572966
ARH2_2016,WF9/H95,20160423,20161109,1.843706812
ARH2_2016,B111/DK3IIH6,20160423,20161109,1.366043772
ARH2_2016,PHP85/DK3IIH6,20160423,20161109,1.511514423
ARH2_2016,CG60/LH162,20160423,20161109,8.472335694
ARH2_2016,BSSSC0_003/DK3IIH6,20160423,20161109,1.079653159
ARH2_2016,LH195/PHN82,20160423,20161109,1.456507661
ARH2_2016,PHV37/DK3IIH6,20160423,20161109,1.711553504
ARH2_2016,W10004_0292/DK3IIH6,20160423,20161109,1.440536413
ARH2_2016,PHW52/PHN82,20160423,20161109,1.618236468
ARH2_2016,B37/MO17,20160423,20161109,1.953385611
ARH2_2016,PHG39/PHN82,20160423,20161109,1.315189215
ARH2_2016,PHB47/PHZ51,20160423,20161109,7.865416607
ARH2_2016,TX303/TX777,20160423,20161109,1.678224284
ARH2_2016,W10004_0212/DK3IIH6,20160423,20161109,1.332786279
ARH2_2016,N28HT/DK3IIH6,20160423,20161109,9.496120648
ARH2_2016,LH220HT/DK3IIH6,20160423,20161109,1.3574923
ARH2_2016,PHG39/TX205,20160423,20161109,1.274320673
ARH2_2016,B73/TX777,20160423,20161109,1.155620192
ARH2_2016,PHHB9/PHR03,20160423,20161109,1.713514046
ARH2_2016,BSSSC0_024/DK3IIH6,20160423,20161109,1.088579206
ARH2_2016,FR19/DK3IIH6,20160423,20161109,1.770345866
ARH2_2016,BSSSC0_054/DK3IIH6,20160423,20161109,9.253209769
ARH2_2016,PHP38/PHJ65,20160423,20161109,1.591960418
ARH2_2016,PHV63/PHJ65,20160423,20161109,1.495033116
ARH2_2016,PHHB9/LH210,20160423,20161109,1.973421398
ARH2_2016,PHP38/PHM49,20160423,20161109,1.6674413
ARH2_2016,W10004_0119/DK3IIH6,20160423,20161109,1.265267112
ARH2_2016,PHHB9/PHZ51,20160423,20161109,1.073301321
ARH2_2016,W10004_0007/DK3IIH6,20160423,20161109,1.579049529
ARH2_2016,B73/MO17,20160423,20161109,2.165235764
ARH2_2016,BSSSC0_009/DK3IIH6,20160423,20161109,1.544572674
ARH2_2016,W10004_0007/DK3IIH6,20160423,20161109,1.205064114
ARH2_2016,PHHB9/PHR63,20160423,20161109,1.283222811
ARH2_2016,AH83/DK3IIH6,20160423,20161109,7.428149025
ARH2_2016,TX772W/LH195,20160423,20161109,1.456459842
ARH2_2016,CG60/LH162,20160423,20161109,5.327719748
ARH2_2016,PHP38/PHW53,20160423,20161109,3.626263612
ARH2_2016,N218/DK3IIH6,20160423,20161109,1.044825638
ARH2_2016,PHHB9/LH210,20160423,20161109,1.51663096
ARH2_2016,LH195/PHZ51,20160423,20161109,0.879558291
ARH2_2016,LH195/PHR55,20160423,20161109,1.822268361
ARH2_2016,PHW52/PHW30,20160423,20161109,1.721164944
ARH2_2016,BSSSC0_033/DK3IIH6,20160423,20161109,1.105554634
ARH2_2016,LH222/DK3IIH6,20160423,20161109,0.918346745
ARH2_2016,PHG29/PHG47,20160423,20161109,1.819351457
ARH2_2016,A634/DK3IIH6,20160423,20161109,1.534116448
ARH2_2016,PHW52/PHN82,20160423,20161109,1.246952776
ARH2_2016,W10004_0062/DK3IIH6,20160423,20161109,0.785555862
ARH2_2016,2369/PHZ51,20160423,20161109,0.853840118
ARH2_2016,A680/DK3IIH6,20160423,20161109,1.440536413
ARH2_2016,PHBB3/DK3IIH6,20160423,20161109,8.963791071
ARH2_2016,H122W/DK3IIH6,20160423,20161109,1.085375393
ARH2_2016,PHW52/PHR03,20160423,20161109,2.309973204
ARH2_2016,LH198/PHZ51,20160423,20161109,0.760108659
ARH2_2016,PHV63/PHR55,20160423,20161109,2.231838417
ARH2_2016,PHP38/PHR55,20160423,20161109,2.128870094
ARH2_2016,PHW52/PHR03,20160423,20161109,1.628939755
ARH2_2016,TX773/LH195,20160423,20161109,1.167933354
ARH2_2016,B73/DK3IIH6,20160423,20161109,1.655231743
ARH2_2016,W10004_0072/DK3IIH6,20160423,20161109,1.881762056
ARH2_2016,BSSSC0_029/DK3IIH6,20160423,20161109,10.41755003
ARH2_2016,B97/PHB47,20160423,20161109,11.39769173
ARH2_2016,PHV63/PHM57,20160423,20161109,1.412164336
ARH2_2016,CO258/DK3IIH6,20160423,20161109,1.498866534
ARH2_2016,CML269/LH195,20160423,20161109,1.502604316
ARH2_2016,B73/PHZ51,20160423,20161109,0.992496689
ARH2_2016,PHP38/PHR63,20160423,20161109,1.929556254
ARH2_2016,BSSSC0_015/DK3IIH6,20160423,20161109,1.25065868
ARH2_2016,BSSSC0_057/DK3IIH6,20160423,20161109,1.772346258
ARH2_2016,PHN11_PHG47_0251/PHB47,20160423,20161109,1.487206885
ARH2_2016,PHW52/PHM49,20160423,20161109,1.900482845
ARH2_2016,B84/DK3IIH6,20160423,20161109,1.008770786
ARH2_2016,PHW52/PHR63,20160423,20161109,1.687014846
ARH2_2016,PHW52/Q381,20160423,20161109,1.296587971
ARH2_2016,LH205/DK3IIH6,20160423,20161109,1.383903835
ARH2_2016,PHHB9/PHJ65,20160423,20161109,1.777877218
ARH2_2016,BSSSC0_057/DK3IIH6,20160423,20161109,1.290626648
ARH2_2016,PHHB9/Q381,20160423,20161109,1.439325021
ARH2_2016,LH198/PHZ51,20160423,20161109,2.686740039
ARH2_2016,PHW52/PHZ51,20160423,20161109,1.702762942
ARH2_2016,GEMS-0150/PHZ51,20160423,20161109,13.28979856
ARH2_2016,CML269/LH195,20160423,20161109,11.48773879
ARH2_2016,PHP38/Q381,20160423,20161109,1.58232507
ARH2_2016,PHP02/PHB47,20160423,20161109,1.527150944
ARH2_2016,N217/DK3IIH6,20160423,20161109,1.882837964
ARH2_2016,PHV63/LH185,20160423,20161109,1.311108737
ARH2_2016,PHP38/PHR63,20160423,20161109,1.596965381
ARH2_2016,A635/DK3IIH6,20160423,20161109,1.410634156
ARH2_2016,LH195/PHR03,20160423,20161109,1.551099846
ARH2_2016,PHHB9/Q381,20160423,20161109,1.05108981
ARH2_2016,PHV63/PHW53,20160423,20161109,1.198130489
ARH2_2016,B2/DK3IIH6,20160423,20161109,9.967988049
ARH2_2016,A632/DK3IIH6,20160423,20161109,1.416491875
ARH2_2016,PHHB9/PHR03,20160423,20161109,1.023610338
ARH2_2016,W10004_0026/DK3IIH6,20160423,20161109,1.509785001
ARH2_2016,B73/TX6252,20160423,20161109,13.69967144
COH1_2017,ICI_441/PHG29,20170531,20171121,6.36275861
COH1_2017,PHB47/PHN82,20170531,20171121,6.642074737
COH1_2017,B73/DK3IIH6,20170531,20171121,7.518813235
COH1_2017,B73/PHZ51,20170531,20171121,5.238589658
COH1_2017,PHB47/PHN82,20170531,20171121,5.566864567
COH1_2017,ICI_441/PHG83,20170531,20171121,5.723783739
COH1_2017,PHB47/PHN82,20170531,20171121,6.895028443
COH1_2017,PHHV4/PHK56,20170531,20171121,8.504391477
COH1_2017,W10005_0147/PHB47,20170531,20171121,7.87232105
COH1_2017,LH195/LH185,20170531,20171121,7.240250623
COH1_2017,PHN66/Q381,20170531,20171121,8.463592492
COH1_2017,ICI_441/PHZ51,20170531,20171121,7.346327984
COH1_2017,ICI_441/PHZ51,20170531,20171121,8.002250125
COH1_2017,CG124/LH145,20170531,20171121,5.592599311
COH1_2017,TX740/LH195,20170531,20171121,4.1684009
COH1_2017,CG108/CGR03,20170531,20171121,8.992723942
COH1_2017,LH198/PHR55,20170531,20171121,6.681618369
COH1_2017,PHB47/PHG47,20170531,20171121,5.166406838
COH1_2017,ICI_441/PHZ51,20170531,20171121,8.174233538
COH1_2017,TX714/TX775,20170531,20171121,2.710307949
COH1_2017,B73/TX775,20170531,20171121,1.643885252
COH1_2017,TX204/PHB47,20170531,20171121,7.326870006
COH1_2017,PHN66/LH185,20170531,20171121,9.395064701
COH1_2017,LH145/LH82,20170531,20171121,6.292458821
COH1_2017,LH198/PHG47,20170531,20171121,5.451372056
COH1_2017,CG123/LH145,20170531,20171121,5.976737445
COH1_2017,LH198/LH51,20170531,20171121,6.849835722
COH1_2017,TX772W/LH195,20170531,20171121,3.590938345
COH1_2017,WF9/H95,20170531,20171121,4.083664547
COH1_2017,PHW52/PHW30,20170531,20171121,5.495937101
COH1_2017,CG123/LH145,20170531,20171121,4.118814442
COH1_2017,S8326/LH145,20170531,20171121,8.22507535
COH1_2017,PHG47/PHRE1,20170531,20171121,6.005610573
COH1_2017,PHN66/LH185,20170531,20171121,7.105300135
COH1_2017,PHB47/PHR55,20170531,20171121,8.289098373
COH1_2017,B73/TX777,20170531,20171121,1.733643019
COH1_2017,PHHV4/PHR25,20170531,20171121,7.970238614
COH1_2017,W10001_0022/PHB47,20170531,20171121,5.520416491
COH1_2017,LH198/PHZ51,20170531,20171121,5.84115928
COH1_2017,PHP02/PHB47,20170531,20171121,6.37593982
COH1_2017,LH198/Q381,20170531,20171121,6.553572324
COH1_2017,B73/TX777,20170531,20171121,11.33028528
COH1_2017,W10005_0147/PHB47,20170531,20171121,7.987813561
COH1_2017,PHB47/PHR55,20170531,20171121,8.190553132
COH1_2017,PHHV4/DK3IIH6,20170531,20171121,8.876603755
COH1_2017,CG120/DK3IIH6,20170531,20171121,3.421465639
COH1_2017,PHB47/PHN82,20170531,20171121,8.179882628
COH1_2017,PHW03/S8324,20170531,20171121,8.159796974
COH1_2017,PHN66/PHG83,20170531,20171121,6.902560564
COH1_2017,B73/PHN82,20170531,20171121,5.349688432
COH1_2017,LH38/PHB47,20170531,20171121,4.557560449
COH1_2017,PHHV4/PHK56,20170531,20171121,8.945648191
COH1_2017,B73/TX777,20170531,20171121,2.287881536
COH1_2017,PHB47/PHG29,20170531,20171121,6.574913331
COH1_2017,PHB47/PHK56,20170531,20171121,5.173938958
COH1_2017,CG123/LH145,20170531,20171121,9.72134559
COH1_2017,PHW52/PHW30,20170531,20171121,7.884246907
COH1_2017,WF9/H95,20170531,20171121,4.583295193
COH1_2017,CG124/PHRE1,20170531,20171121,7.573546946
COH1_2017,LH195/PHG83,20170531,20171121,11.42807331
COH1_2017,PHG29/PHRE1,20170531,20171121,6.612573933
COH1_2017,LH195/PHZ51,20170531,20171121,4.876420207
COH1_2017,PHW52/LH51,20170531,20171121,10.85504068
COH1_2017,TX772W/LH195,20170531,20171121,3.781124383
COH1_2017,S8324/PHZ51,20170531,20171121,6.148093182
COH1_2017,PHG29/LH145,20170531,20171121,8.147243441
COH1_2017,CG120/LH162,20170531,20171121,5.811030799
COH1_2017,PHB47/PHN82,20170531,20171121,7.397797472
COH1_2017,LH198/PHZ51,20170531,20171121,7.998959746
COH1_2017,B14A/MO17,20170531,20171121,5.362869642
COH1_2017,LH195/PHG29,20170531,20171121,8.94188213
COH1_2017,LH195/PHR55,20170531,20171121,4.749001839
COH1_2017,B14A/OH43,20170531,20171121,6.37029073
COH1_2017,LH195/LH82,20170531,20171121,5.840869916
COH1_2017,PHW52/PHR55,20170531,20171121,6.522188489
COH1_2017,PHN66/PHW30,20170531,20171121,5.844297664
COH1_2017,CG124/PHRE1,20170531,20171121,3.956873856
COH1_2017,LH145/PHR25,20170531,20171121,5.711230205
COH1_2017,2369/DK3IIH6,20170531,20171121,4.182209788
COH1_2017,PHW52/LH51,20170531,20171121,4.548772975
COH1_2017,ICI_441/LH38,20170531,20171121,5.711230205
COH1_2017,PHG80/PHZ51,20170531,20171121,10.48844332
COH1_2017,CG119/CG108,20170531,20171121,6.187009137
COH1_2017,PHJ89/CG120,20170531,20171121,3.936160525
COH1_2017,CG123/S8324,20170531,20171121,5.095479372
COH1_2017,B73/PHZ51,20170531,20171121,3.783007413
COH1_2017,CG120/DK3IIH6,20170531,20171121,6.933316721
COH1_2017,LH74/PHN82,20170531,20171121,8.009154569
COH1_2017,PHW52/PHK56,20170531,20171121,8.794378108
COH1_2017,PHHV4/PHR25,20170531,20171121,6.562359797
COH1_2017,DK3IIH6/S8324,20170531,20171121,9.19609119
COH1_2017,ICI_441/PHG47,20170531,20171121,9.170356446
COH1_2017,DK3IIH6/S8324,20170531,20171121,6.606297166
COH1_2017,LH82/PHB47,20170531,20171121,5.66478213
COH1_2017,LH82/PHRE1,20170531,20171121,6.704214729
COH1_2017,CG123/PHB47,20170531,20171121,6.166295806
COH1_2017,PHB47/PHG29,20170531,20171121,6.949008639
COH1_2017,PHB47/PHN82,20170531,20171121,4.934794139
COH1_2017,CG119/CG108,20170531,20171121,6.589421858
COH1_2017,LH195/PHG83,20170531,20171121,3.505574316
COH1_2017,LH195/LH82,20170531,20171121,6.679107662
COH1_2017,S8326/PHRE1,20170531,20171121,4.316532599
COH1_2017,S8324/LH162,20170531,20171121,6.433058399
COH1_2017,LH195/PHN82,20170531,20171121,5.908948363
COH1_2017,PHG29/PHRE1,20170531,20171121,6.387238001
COH1_2017,PHN66/PHN82,20170531,20171121,6.903815917
COH1_2017,PHB47/PHR55,20170531,20171121,5.618334055
COH1_2017,TX714/TX777,20170531,20171121,2.213815687
COH1_2017,PHW52/PHG83,20170531,20171121,6.2014457
COH1_2017,PHB47/DK3IIH6,20170531,20171121,8.13029617
COH1_2017,PHG47/PHHV4,20170531,20171121,5.650345566
COH1_2017,F42/MO17,20170531,20171121,12.73875396
COH1_2017,LH145/PHR25,20170531,20171121,5.366635702
COH1_2017,W10008_0069/PHB47,20170531,20171121,7.909981652
COH1_2017,LH195/LH185,20170531,20171121,5.775880904
COH1_2017,LH145/LH82,20170531,20171121,7.122247405
COH1_2017,B73/TX777,20170531,20171121,3.339239993
COH1_2017,ICI_441/PHR55,20170531,20171121,5.748890807
COH1_2017,LH198/PHG29,20170531,20171121,9.527504483
COH1_2017,LH185/PHB47,20170531,20171121,8.646246409
COH1_2017,CG120/LH162,20170531,20171121,6.88435794
COH1_2017,PHN66/LH38,20170531,20171121,5.049031297
COH1_2017,B97/PHB47,20170531,20171121,12.77944223
COH1_2017,ICI_441/PHG83,20170531,20171121,1.990990462
COH1_2017,PHN66/PHW30,20170531,20171121,8.783079928
COH1_2017,PHB47/PHN82,20170531,20171121,7.791350757
COH1_2017,CG120/PHK05,20170531,20171121,4.083664547
COH1_2017,PHJ89/CG120,20170531,20171121,5.868149378
COH1_2017,B97/PHB47,20170531,20171121,11.00693844
COH1_2017,PHK56/PHRE1,20170531,20171121,6.071516626
COH1_2017,PHHV4/PHZ51,20170531,20171121,6.570519594
COH1_2017,ICI_441/Q381,20170531,20171121,5.57188598
COH1_2017,ICI_441/LH82,20170531,20171121,8.471124613
COH1_2017,PHN66/PHG47,20170531,20171121,6.600648076
COH1_2017,PHHV4/PHK56,20170531,20171121,7.634431585
COH1_2017,PHW52/PHG29,20170531,20171121,6.881847233
COH1_2017,CG123/LH145,20170531,20171121,3.324175752
COH1_2017,S8324/PHZ51,20170531,20171121,6.98290318
COH1_2017,CGR01/LH198,20170531,20171121,8.088869508
COH1_2017,TX204/PHB47,20170531,20171121,8.815719116
COH1_2017,LH198/PHN82,20170531,20171121,5.681729401
COH1_2017,PHW52/PHN82,20170531,20171121,7.118481345
COH1_2017,LH195/LH185,20170531,20171121,5.973599062
COH1_2017,PHB47/PHG47,20170531,20171121,7.067639533
COH1_2017,ICI_441/Q381,20170531,20171121,7.24652739
COH1_2017,LH185/PHB47,20170531,20171121,6.582811259
COH1_2017,PHW52/PHN82,20170531,20171121,8.015431336
COH1_2017,PHB47/PHG47,20170531,20171121,7.291092435
COH1_2017,B14A/OH43,20170531,20171121,6.493315361
COH1_2017,GEMN-0260/DK3IIH6,20170531,20171121,2.774958648
COH1_2017,CGR01/LH195,20170531,20171121,6.554827677
COH1_2017,PHN11_PHW65_0323/LH195,20170531,20171121,4.895878185
COH1_2017,LH195/Q381,20170531,20171121,6.355854166
COH1_2017,TX770/LH195,20170531,20171121,13.32432078
COH1_2017,LH82/PHRE1,20170531,20171121,6.463814557
COH1_2017,CG119/CG108,20170531,20171121,3.66777784
COH1_2017,CG60/LH162,20170531,20171121,4.904665658
COH1_2017,CGR01/LH195,20170531,20171121,9.063651408
COH1_2017,A679/DK3IIH6,20170531,20171121,7.967727907
COH1_2017,PHJ40/LH82,20170531,20171121,6.281788317
COH1_2017,CG123/PHB47,20170531,20171121,4.16275181
COH1_2017,PHG47/PHRE1,20170531,20171121,5.173311282
COH1_2017,PHN66/PHZ51,20170531,20171121,6.552944647
COH1_2017,TX204/PHB47,20170531,20171121,7.913120035
COH1_2017,LH198/Q381,20170531,20171121,8.530126222
COH1_2017,2369/DK3IIH6,20170531,20171121,5.12623553
COH1_2017,W10001_0022/PHB47,20170531,20171121,6.170689543
COH1_2017,CGR01/LH195,20170531,20171121,10.19346945
COH1_2017,PHW52/PHN82,20170531,20171121,6.885613293
COH1_2017,ICI_441/PHG29,20170531,20171121,7.738625915
COH1_2017,CG124/LH145,20170531,20171121,5.113681996
COH1_2017,PHJ89/CG120,20170531,20171121,5.704325762
COH1_2017,S8326/LH145,20170531,20171121,6.9904353
COH1_2017,PHG29/CG120,20170531,20171121,4.925378989
COH1_2017,CG120/PHW03,20170531,20171121,7.385871615
COH1_2017,CG60/LH162,20170531,20171121,5.489660334
COH1_2017,S8324/PHR25,20170531,20171121,7.746158035
COH1_2017,ICI_441/PHG47,20170531,20171121,6.334513159
COH1_2017,LH198/LH51,20170531,20171121,5.256792282
COH1_2017,TX714/TX775,20170531,20171121,1.710418981
COH1_2017,PHJ40/LH82,20170531,20171121,10.23677914
COH1_2017,LH216/LH195,20170531,20171121,5.286920763
COH1_2017,PHG29/PHHV4,20170531,20171121,9.479801054
COH1_2017,S8324/LH162,20170531,20171121,6.242244685
COH1_2017,PHW52/PHG47,20170531,20171121,7.671464509
COH1_2017,W10004_0216/PHZ51,20170531,20171121,2.46363101
COH1_2017,CG120/LH162,20170531,20171121,5.869404731
COH1_2017,ICI_441/PHK56,20170531,20171121,6.447494963
COH1_2017,ICI_441/PHG47,20170531,20171121,7.056341353
COH1_2017,LH195/PHK56,20170531,20171121,5.74449707
COH1_2017,PHB47/PHG47,20170531,20171121,8.134689907
COH1_2017,LH145/LH162,20170531,20171121,3.952480119
COH1_2017,PHN11_PHG47_0251/PHB47,20170531,20171121,5.625866175
COH1_2017,PHG29/S8324,20170531,20171121,6.891262383
COH1_2017,LH198/PHG29,20170531,20171121,7.343817277
COH1_2017,CGR01/LH82,20170531,20171121,4.43202511
COH1_2017,PHB47/PHZ51,20170531,20171121,5.886352002
COH1_2017,PHJ89/PHHV4,20170531,20171121,9.506163475
COH1_2017,B73/PHZ51,20170531,20171121,6.154369949
COH1_2017,CG120/LH185,20170531,20171121,5.74826313
COH1_2017,CG60/LH185,20170531,20171121,7.195057901
COH1_2017,CG108/CGR03,20170531,20171121,5.767093431
COH1_2017,B37/H95,20170531,20171121,5.40115792
COH1_2017,B73/TX775,20170531,20171121,1.438007298
COH1_2017,PHP02/PHG47,20170531,20171121,5.667920514
COH1_2017,ICI_441/PHN82,20170531,20171121,6.741875331
COH1_2017,CG60/LH162,20170531,20171121,6.301246294
COH1_2017,PHW52/PHK56,20170531,20171121,9.927334534
COH1_2017,LH198/PHZ51,20170531,20171121,4.373651178
COH1_2017,PHN66/PHN82,20170531,20171121,7.271006781
COH1_2017,PHN82/PHRE1,20170531,20171121,8.5684145
COH1_2017,PHN66/LH51,20170531,20171121,7.754317832
COH1_2017,S8324/PHK05,20170531,20171121,6.473857384
COH1_2017,TX303/TX777,20170531,20171121,4.179888558
COH1_2017,CG120/PHW03,20170531,20171121,8.129668493
COH1_2017,PHJ89/CG120,20170531,20171121,5.448861349
COH1_2017,B37/H95,20170531,20171121,4.809258801
COH1_2017,PHW52/PHZ51,20170531,20171121,6.062729152
COH1_2017,S8326/CG120,20170531,20171121,6.440590519
COH1_2017,LH145/PHZ51,20170531,20171121,7.672719863
COH1_2017,LH195/PHG47,20170531,20171121,7.938227103
COH1_2017,W10005_0107/PHB47,20170531,20171121,6.567381211
COH1_2017,PHG29/S8324,20170531,20171121,8.060624057
COH1_2017,LH198/LH82,20170531,20171121,6.112943287
COH1_2017,F42/H95,20170531,20171121,5.771660817
COH1_2017,PHP02/PHG47,20170531,20171121,5.47522377
COH1_2017,LH198/PHZ51,20170531,20171121,6.174455603
COH1_2017,CG60/LH185,20170531,20171121,6.866155316
COH1_2017,LH185/PHRE1,20170531,20171121,7.919396802
COH1_2017,LH185/PHB47,20170531,20171121,7.846586306
COH1_2017,LH195/LH82,20170531,20171121,14.71588
COH1_2017,ICI_441/LH185,20170531,20171121,9.777319805
COH1_2017,B37/MO17,20170531,20171121,10.2422505
COH1_2017,PHB47/PHW03,20170531,20171121,6.271117813
COH1_2017,S8326/S8324,20170531,20171121,6.877453496
COH1_2017,PHB47/PHK05,20170531,20171121,6.81029209
COH1_2017,PHHV4/PHK05,20170531,20171121,4.743980426
COH1_2017,S8326/PHHV4,20170531,20171121,6.212743881
COH1_2017,PHN66/LH51,20170531,20171121,5.650345566
COH1_2017,LH198/PHK56,20170531,20171121,6.844186631
COH1_2017,W10004_0216/PHZ51,20170531,20171121,4.086175254
COH1_2017,PHHV4/LH162,20170531,20171121,8.03551699
COH1_2017,PHG29/LH145,20170531,20171121,7.300507585
COH1_2017,LH195/PHG47,20170531,20171121,6.338906896
COH1_2017,B73/TX777,20170531,20171121,10.10112625
COH1_2017,ICI_441/PHG83,20170531,20171121,4.182209788
COH1_2017,S8326/PHB47,20170531,20171121,8.559627026
COH1_2017,LH198/PHR55,20170531,20171121,7.006754894
COH1_2017,PHW52/Q381,20170531,20171121,7.783818637
COH1_2017,ICI_441/LH51,20170531,20171121,7.520822104
COH1_2017,PHN66/PHG47,20170531,20171121,5.20406744
COH1_2017,B73/TX6252,20170531,20171121,6.591860602
COH1_2017,PHN66/PHG83,20170531,20171121,7.801393584
COH1_2017,LH195/PHZ51,20170531,20171121,7.094629631
COH1_2017,PHW52/PHZ51,20170531,20171121,5.537363762
COH1_2017,PHW52/PHG47,20170531,20171121,8.719056905
COH1_2017,CG108/CGR03,20170531,20171121,4.110026968
COH1_2017,2369/DK3IIH6,20170531,20171121,4.812397185
COH1_2017,LH185/LH198,20170531,20171121,8.262735952
COH1_2017,LH198/PHG83,20170531,20171121,3.858328615
COH1_2017,B97/PHB47,20170531,20171121,10.46525346
COH1_2017,PHN66/Q381,20170531,20171121,7.490065946
COH1_2017,ICI_441/PHG83,20170531,20171121,2.578495844
COH1_2017,ICI_441/Q381,20170531,20171121,7.193174871
COH1_2017,PHW52/PHG83,20170531,20171121,4.652967305
COH1_2017,ICI_441/PHG29,20170531,20171121,7.6124629
COH1_2017,PHHV4/PHW03,20170531,20171121,8.172350508
COH1_2017,PB80/PHZ51,20170531,20171121,5.259302988
COH1_2017,PHJ89/S8324,20170531,20171121,5.897022506
COH1_2017,PHJ89/S8324,20170531,20171121,4.653594982
COH1_2017,LH145/PHR25,20170531,20171121,5.585067191
COH1_2017,PHW03/S8324,20170531,20171121,7.520822104
COH1_2017,PHW52/PHG47,20170531,20171121,8.962595461
COH1_2017,LH198/Q381,20170531,20171121,7.388382322
COH1_2017,PHB47/PHW30,20170531,20171121,3.911053457
COH1_2017,LH185/PHRE1,20170531,20171121,7.030606608
COH1_2017,CG120/PHZ51,20170531,20171121,4.85319617
COH1_2017,PHB47/PHZ51,20170531,20171121,7.117853668
COH1_2017,PHJ89/PHRE1,20170531,20171121,5.155736334
COH1_2017,PHG47/S8324,20170531,20171121,5.65160092
COH1_2017,W10004_0216/PHZ51,20170531,20171121,5.337762575
COH1_2017,CGR01/LH82,20170531,20171121,8.263363628
COH1_2017,LH195/PHZ51,20170531,20171121,4.14203848
COH1_2017,PHN66/LH82,20170531,20171121,6.070261272
COH1_2017,PHB47/PHG47,20170531,20171121,7.810808734
COH1_2017,PHW52/LH82,20170531,20171121,7.739881268
COH1_2017,PHN66/PHG83,20170531,20171121,5.925895633
COH1_2017,LH198/PHK56,20170531,20171121,8.459826432
COH1_2017,PHW52/PHR55,20170531,20171121,7.665187742
COH1_2017,B73/DK3IIH6,20170531,20171121,8.519821513
COH1_2017,PHJ89/PHRE1,20170531,20171121,6.645213121
COH1_2017,PHB47/PHK56,20170531,20171121,5.752656867
COH1_2017,CG120/PHW03,20170531,20171121,5.921501897
COH1_2017,B37/MO17,20170531,20171121,8.065923059
COH1_2017,B97/PHB47,20170531,20171121,14.52432762
COH1_2017,PHB47/PHW30,20170531,20171121,6.820962594
COH1_2017,LH216/LH195,20170531,20171121,4.012109405
COH1_2017,LH195/LH82,20170531,20171121,6.858103382
COH1_2017,TX740/LH195,20170531,20171121,3.032306091
COH1_2017,PHW03/LH145,20170531,20171121,6.061473799
COH1_2017,LH74/PHN82,20170531,20171121,10.84752117
COH1_2017,LH198/LH38,20170531,20171121,5.866894025
COH1_2017,PHG29/PHG47,20170531,20171121,4.280127351
COH1_2017,LH195/PHZ51,20170531,20171121,4.189114231
COH1_2017,B73/DK3IIH6,20170531,20171121,10.81298634
COH1_2017,CG120/PHK05,20170531,20171121,3.688855909
COH1_2017,LH198/PHR55,20170531,20171121,8.468613906
COH1_2017,TX740/LH195,20170531,20171121,3.860211646
COH1_2017,CG124/S8324,20170531,20171121,8.149126471
COH1_2017,PHHV4/LH162,20170531,20171121,5.770859491
COH1_2017,PHW52/LH185,20170531,20171121,8.187414749
COH1_2017,B73/DK3IIH6,20170531,20171121,9.956420457
COH1_2017,PHN11_PHG47_0251/PHB47,20170531,20171121,7.251548803
COH1_2017,PHB47/PHR55,20170531,20171121,4.467175005
COH1_2017,2369/PHZ51,20170531,20171121,5.481500537
COH1_2017,PHB47/DK3IIH6,20170531,20171121,10.54308537
COH1_2017,TX714/TX777,20170531,20171121,2.159207815
COH1_2017,LH82/PHB47,20170531,20171121,6.356481843
COH1_2017,S8324/PHK56,20170531,20171121,8.062507087
COH1_2017,LH198/LH38,20170531,20171121,8.096401629
COH1_2017,LH198/PHZ51,20170531,20171121,5.984897242
COH1_2017,PHHV4/PHZ51,20170531,20171121,7.628154818
COH1_2017,TX773/LH195,20170531,20171121,2.890451159
COH1_2017,LH74/PHM49,20170531,20171121,7.472490998
COH1_2017,LH185/PHB47,20170531,20171121,6.594371309
COH1_2017,VA35/LH195,20170531,20171121,4.14203848
COH1_2017,PHN66/PHN82,20170531,20171121,8.730982763
COH1_2017,2369/PHZ51,20170531,20171121,6.062729152
COH1_2017,PHW52/PHN82,20170531,20171121,7.219537292
COH1_2017,LH198/LH82,20170531,20171121,6.833516128
COH1_2017,CG120/CG123,20170531,20171121,4.788545471
COH1_2017,S8326/S8324,20170531,20171121,8.2156602
COH1_2017,B14A/OH43,20170531,20171121,5.285665409
COH1_2017,CG120/CG123,20170531,20171121,8.203912989
COH1_2017,B73/PHN82,20170531,20171121,6.517794752
COH1_2017,PHW52/PHG29,20170531,20171121,6.700448669
COH1_2017,CG123/PHRE1,20170531,20171121,6.750035128
COH1_2017,CGR01/LH82,20170531,20171121,8.896061732
COH1_2017,LH212HT/LH195,20170531,20171121,7.832934083
COH1_2017,PHW52/PHZ51,20170531,20171121,7.87797014
COH1_2017,CG120/CG123,20170531,20171121,3.820668014
COH1_2017,TX714/TX775,20170531,20171121,1.906881785
COH1_2017,ICI_441/PHN82,20170531,20171121,8.299768876
COH1_2017,PHRE1/PHR25,20170531,20171121,5.268718139
COH1_2017,PHN11_PHG47_0251/PHB47,20170531,20171121,5.008232312
COH1_2017,PHG47/S8324,20170531,20171121,8.638714289
COH1_2017,S8326/PHB47,20170531,20171121,5.019530493
COH1_2017,PHN66/PHK56,20170531,20171121,9.491099235
COH1_2017,PHN66/Q381,20170531,20171121,6.969721969
COH1_2017,LH198/PHR55,20170531,20171121,4.921612929
COH1_2017,CG123/S8324,20170531,20171121,7.138566999
COH1_2017,W37A/PHB47,20170531,20171121,5.627121529
COH1_2017,LH145/PHR25,20170531,20171121,5.167034515
COH1_2017,CG124/CG120,20170531,20171121,5.997450776
COH1_2017,PHHV4/LH162,20170531,20171121,8.164818388
COH1_2017,PHHV4/PHW03,20170531,20171121,6.745641391
COH1_2017,PHG39/TX205,20170531,20171121,3.194874354
COH1_2017,LH145/DK3IIH6,20170531,20171121,6.220903678
COH1_2017,PHB47/PHR25,20170531,20171121,7.472490998
COH1_2017,PHW52/PHG83,20170531,20171121,4.325320073
COH1_2017,2369/PHN82,20170531,20171121,6.219648325
COH1_2017,PHN66/PHG47,20170531,20171121,5.320815304
COH1_2017,LH145/PHK05,20170531,20171121,6.032600671
COH1_2017,PHB47/PHW30,20170531,20171121,5.332113484
COH1_2017,PHW52/PHM49,20170531,20171121,5.383582973
COH1_2017,PHG47/LH145,20170531,20171121,7.169323157
COH1_2017,PHN66/PHZ51,20170531,20171121,4.715107298
COH1_2017,CG60/LH82,20170531,20171121,7.078937714
COH1_2017,ICI_441/LH82,20170531,20171121,10.8167524
COH1_2017,PHB47/PHK56,20170531,20171121,7.022446811
COH1_2017,LH51/PHB47,20170531,20171121,6.62826585
COH1_2017,ICI_441/PHZ51,20170531,20171121,6.129262881
COH1_2017,ICI_441/PHN82,20170531,20171121,4.711968914
COH1_2017,ICI_441/PHN82,20170531,20171121,5.404296304
COH1_2017,ICI_441/LH51,20170531,20171121,4.865749703
COH1_2017,ICI_441/PHW30,20170531,20171121,10.39620902
COH1_2017,TX714/TX777,20170531,20171121,2.562803927
COH1_2017,PHB47/PHZ51,20170531,20171121,7.61434593
COH1_2017,S8326/CG120,20170531,20171121,2.181176499
COH1_2017,LH198/PHG29,20170531,20171121,7.340051217
COH1_2017,B14A/H95,20170531,20171121,4.164007164
COH1_2017,CG108/CGR03,20170531,20171121,6.490804655
COH1_2017,CG44/CGR01,20170531,20171121,8.320482207
COH1_2017,PHG29/S8324,20170531,20171121,9.124536047
COH1_2017,PHJ89/PHHV4,20170531,20171121,5.902043919
COH1_2017,PHN66/Q381,20170531,20171121,7.250921127
COH1_2017,F42/MO17,20170531,20171121,6.379078204
COH1_2017,PHJ89/PHHV4,20170531,20171121,8.48116744
COH1_2017,CG124/S8324,20170531,20171121,8.427814921
COH1_2017,B73/MO17,20170531,20171121,4.968688681
COH1_2017,LH198/PHW30,20170531,20171121,8.145988087
COH1_2017,W37A/PHB47,20170531,20171121,6.009376633
COH1_2017,PHN11_OH43_0001/PHB47,20170531,20171121,8.027814659
COH1_2017,LH195/PHK56,20170531,20171121,5.82609504
COH1_2017,LH162/PHB47,20170531,20171121,8.100795365
COH1_2017,LH74/PHM49,20170531,20171121,6.832260774
COH1_2017,S8326/CG120,20170531,20171121,11.74257552
COH1_2017,PHW03/LH145,20170531,20171121,4.712596591
COH1_2017,LH195/LH82,20170531,20171121,6.768410224
COH1_2017,PHHV4/LH162,20170531,20171121,5.512256694
COH1_2017,CG60/LH82,20170531,20171121,8.53691086
COH1_2017,PHN66/LH82,20170531,20171121,6.992946007
COH1_2017,2369/PHZ51,20170531,20171121,4.501697223
COH1_2017,PHN82/S8324,20170531,20171121,10.52927648
COH1_2017,VA35/LH195,20170531,20171121,4.148942923
COH1_2017,TX204/PHB47,20170531,20171121,5.538619115
COH1_2017,CGR01/LH82,20170531,20171121,13.77248194
COH1_2017,LH145/LH162,20170531,20171121,5.160757748
COH1_2017,PHG29/PHHV4,20170531,20171121,6.443101226
COH1_2017,PHN82/LH145,20170531,20171121,8.298513523
COH1_2017,CG44/CGR01,20170531,20171121,5.054680387
COH1_2017,PHW52/PHW30,20170531,20171121,11.63963655
COH1_2017,ICI_441/LH51,20170531,20171121,7.909353975
COH1_2017,CG120/PHZ51,20170531,20171121,3.677557729
COH1_2017,PHK05/PHRE1,20170531,20171121,5.937821491
COH1_2017,PHB47/PHG83,20170531,20171121,7.493832006
COH1_2017,S8326/PHB47,20170531,20171121,7.289209405
COH1_2017,LH145/PHK05,20170531,20171121,7.247155067
COH1_2017,LH82/PHB47,20170531,20171121,6.124241468
COH1_2017,CG120/LH185,20170531,20171121,6.157675783
COH1_2017,CG124/CG120,20170531,20171121,6.183243076
COH1_2017,PHW52/PHM49,20170531,20171121,5.804126356
COH1_2017,PHP02/PHB47,20170531,20171121,6.824100977
COH1_2017,LH145/DK3IIH6,20170531,20171121,5.739475656
COH1_2017,PHHV4/DK3IIH6,20170531,20171121,5.470830033
COH1_2017,B37/MO17,20170531,20171121,13.26130995
COH1_2017,CG123/S8324,20170531,20171121,8.699598928
COH1_2017,LH195/LH38,20170531,20171121,4.607146907
COH1_2017,B73/MO17,20170531,20171121,4.540613178
COH1_2017,W10004_0216/PHZ51,20170531,20171121,5.204695116
COH1_2017,PHB47/PHK56,20170531,20171121,7.830266712
COH1_2017,LH195/PHN82,20170531,20171121,6.124869144
COH1_2017,W10001_0022/PHB47,20170531,20171121,4.147059893
COH1_2017,DK3IIH6/S8324,20170531,20171121,6.349577399
COH1_2017,ICI_441/PHR55,20170531,20171121,6.074027332
COH1_2017,CG120/DK3IIH6,20170531,20171121,4.186603525
COH1_2017,LH162/PHB47,20170531,20171121,9.457204693
COH1_2017,CG124/LH145,20170531,20171121,2.867227121
COH1_2017,CG60/LH162,20170531,20171121,5.609546581
COH1_2017,LH198/PHG83,20170531,20171121,3.762921759
COH1_2017,PHB47/PHG29,20170531,20171121,7.702220667
COH1_2017,B73/TX775,20170531,20171121,3.9826086
COH1_2017,CG123/S8324,20170531,20171121,8.243277974
COH1_2017,LH185/LH198,20170531,20171121,5.185864816
COH1_2017,PHN66/LH82,20170531,20171121,7.063245796
COH1_2017,PHHV4/PHZ51,20170531,20171121,9.213038461
COH1_2017,PHG29/PHHV4,20170531,20171121,9.71957355
COH1_2017,CG120/CG123,20170531,20171121,5.262441372
COH1_2017,B73/PHZ51,20170531,20171121,5.638419709
COH1_2017,S8324/PHK05,20170531,20171121,7.163674067
COH1_2017,B73/MO17,20170531,20171121,6.343300632
COH1_2017,PHN66/LH82,20170531,20171121,6.02506855
COH1_2017,PHRE1/PHR25,20170531,20171121,6.462559204
COH1_2017,LH38/PHB47,20170531,20171121,7.59928169
COH1_2017,LH195/LH38,20170531,20171121,8.110210516
COH1_2017,GEMN-0268/DK3IIH6,20170531,20171121,7.088352864
COH1_2017,PHW52/PHN82,20170531,20171121,5.872543115
COH1_2017,PHG39/TX205,20170531,20171121,2.450449799
COH1_2017,ICI_441/PHW30,20170531,20171121,5.524182552
COH1_2017,ICI_441/LH185,20170531,20171121,8.505019154
COH1_2017,PHN66/LH185,20170531,20171121,6.361503257
COH1_2017,CG123/PHB47,20170531,20171121,7.691550163
COH1_2017,VA35/LH195,20170531,20171121,5.685495461
COH1_2017,LH195/PHG29,20170531,20171121,7.42855363
COH1_2017,CGR01/LH82,20170531,20171121,6.700482357
COH1_2017,S8324/PHK05,20170531,20171121,6.249776806
COH1_2017,PHHV4/DK3IIH6,20170531,20171121,6.450633347
COH1_2017,PHN82/PHRE1,20170531,20171121,9.265763303
COH1_2017,S8326/LH145,20170531,20171121,4.735192952
COH1_2017,LH195/Q381,20170531,20171121,4.976848478
COH1_2017,PHB47/PHZ51,20170531,20171121,7.641336028
COH1_2017,CG123/S8324,20170531,20171121,7.038766405
COH1_2017,LH195/Q381,20170531,20171121,5.156364011
COH1_2017,CG60/LH82,20170531,20171121,5.596365371
COH1_2017,S8324/LH162,20170531,20171121,7.69782693
COH1_2017,S8326/S8324,20170531,20171121,5.745752423
COH1_2017,PHB47/PHG29,20170531,20171121,7.911864682
COH1_2017,F42/H95,20170531,20171121,10.0736334
COH1_2017,LH195/PHZ51,20170531,20171121,7.908726298
COH1_2017,PHHV4/PHW03,20170531,20171121,5.567492243
COH1_2017,LH82/S8324,20170531,20171121,9.150270792
COH1_2017,LH82/PHRE1,20170531,20171121,6.233457212
COH1_2017,CG123/PHRE1,20170531,20171121,5.730688183
COH1_2017,LH195/PHZ51,20170531,20171121,6.200818024
COH1_2017,LH198/PHG47,20170531,20171121,7.272262134
COH1_2017,CG60/LH162,20170531,20171121,4.95362444
COH1_2017,B73/TX775,20170531,20171121,3.116414767
COH1_2017,PHJ89/PHHV4,20170531,20171121,9.226847348
COH1_2017,CG123/PHRE1,20170531,20171121,6.790834113
COH1_2017,LH195/LH82,20170531,20171121,8.220681613
COH1_2017,CG119/CG108,20170531,20171121,7.349466367
COH1_2017,F42/OH43,20170531,20171121,13.11939452
COH1_2017,W10005_0107/PHB47,20170531,20171121,6.702331699
COH1_2017,CG118/CGR01,20170531,20171121,5.307006417
COH1_2017,B14A/MO17,20170531,20171121,4.531198028
COH1_2017,LH195/PHR55,20170531,20171121,5.149459567
COH1_2017,PHB47/PHK56,20170531,20171121,7.173716894
COH1_2017,PHN11_OH43_0001/PHB47,20170531,20171121,8.576574297
COH1_2017,LH74/PHM49,20170531,20171121,10.43871767
COH1_2017,WF9/H95,20170531,20171121,5.979248152
COH1_2017,PHW52/LH185,20170531,20171121,8.086358802
COH1_2017,TX770/LH195,20170531,20171121,12.13236275
COH1_2017,LH195/LH51,20170531,20171121,6.213371558
COH1_2017,PHN66/PHW30,20170531,20171121,5.872543115
COH1_2017,B37/H95,20170531,20171121,4.886463034
COH1_2017,PHHV4/PHK05,20170531,20171121,7.518311397
COH1_2017,PHB47/PHR25,20170531,20171121,6.876198143
COH1_2017,LH38/PHB47,20170531,20171121,6.316938212
COH1_2017,CG119/CG108,20170531,20171121,5.775880904
COH1_2017,GEMN-0260/DK3IIH6,20170531,20171121,6.292458821
COH1_2017,CG123/PHB47,20170531,20171121,6.859878549
COH1_2017,CG124/PHHV4,20170531,20171121,4.529314997
COH1_2017,LH185/PHB47,20170531,20171121,6.36275861
COH1_2017,B14A/H95,20170531,20171121,4.196018675
COH1_2017,PHN66/PHK56,20170531,20171121,6.6188507
COH1_2017,LH195/PHZ51,20170531,20171121,10.64271648
COH1_2017,PHB47/PHZ51,20170531,20171121,4.807375771
COH1_2017,PHG47/S8324,20170531,20171121,10.23677914
COH1_2017,B73/PHM49,20170531,20171121,4.807375771
COH1_2017,PHG29/PHG47,20170531,20171121,5.728177476
COH1_2017,LH185/S8324,20170531,20171121,8.599170658
COH1_2017,PHN82/S8324,20170531,20171121,9.547590137
COH1_2017,LH82/PHB47,20170531,20171121,6.972232676
COH1_2017,LH185/LH198,20170531,20171121,8.117114959
COH1_2017,PHN82/S8324,20170531,20171121,9.213038461
COH1_2017,LH195/PHZ51,20170531,20171121,7.282932638
COH1_2017,LH195/PHZ51,20170531,20171121,7.71480426
COH1_2017,LH195/PHZ51,20170531,20171121,3.022567894
COH1_2017,A679/DK3IIH6,20170531,20171121,9.705203645
COH1_2017,TX770/LH195,20170531,20171121,3.337356962
COH1_2017,PHK56/PHRE1,20170531,20171121,4.905293335
COH1_2017,S8326/PHRE1,20170531,20171121,5.967949972
COH1_2017,CG60/LH185,20170531,20171121,8.076315975
COH1_2017,GEMN-0260/DK3IIH6,20170531,20171121,3.920468608
COH1_2017,LH195/PHG29,20170531,20171121,6.327608715
COH1_2017,S8326/PHRE1,20170531,20171121,10.67929121
COH1_2017,PHN66/PHN82,20170531,20171121,6.380961234
COH1_2017,GEMN-0268/DK3IIH6,20170531,20171121,6.466325264
COH1_2017,ICI_441/LH38,20170531,20171121,5.775880904
COH1_2017,PHJ89/LH145,20170531,20171121,9.262624919
COH1_2017,LH216/LH195,20170531,20171121,4.853823846
COH1_2017,PHN66/PHK56,20170531,20171121,7.511406953
COH1_2017,PHB47/PHG83,20170531,20171121,7.270379104
COH1_2017,LH162/PHB47,20170531,20171121,8.024218809
COH1_2017,S8326/PHB47,20170531,20171121,7.328753036
COH1_2017,PHHV4/PHK05,20170531,20171121,6.157508332
COH1_2017,LH185/PHB47,20170531,20171121,7.381477878
COH1_2017,LH195/PHW30,20170531,20171121,6.314427505
COH1_2017,B73/DK3IIH6,20170531,20171121,12.99210269
COH1_2017,PHG47/S8324,20170531,20171121,6.689150489
COH1_2017,LH195/PHG83,20170531,20171121,3.144032542
COH1_2017,LH74/PHM49,20170531,20171121,8.257086861
COH1_2017,CG60/LH162,20170531,20171121,4.376789562
COH1_2017,S8324/PHK05,20170531,20171121,5.949119671
COH1_2017,PHB47/PHK05,20170531,20171121,7.171206187
COH1_2017,B14A/H95,20170531,20171121,6.509634955
COH1_2017,CG120/PHK05,20170531,20171121,4.592710343
COH1_2017,S8324/PHK56,20170531,20171121,8.749813063
COH1_2017,PHG29/CG120,20170531,20171121,6.37217376
COH1_2017,PHG47/LH145,20170531,20171121,5.288176116
COH1_2017,S8324/PHZ51,20170531,20171121,5.890118062
COH1_2017,LH145/PHZ51,20170531,20171121,4.236189983
COH1_2017,DK3IIH6/S8324,20170531,20171121,6.359620226
COH1_2017,LH195/LH38,20170531,20171121,6.950263992
COH1_2017,CG119/CG108,20170531,20171121,15.04867479
COH1_2017,LH145/DK3IIH6,20170531,20171121,5.743869393
COH1_2017,LH195/LH185,20170531,20171121,13.60898544
COH1_2017,CG124/CG120,20170531,20171121,4.69753235
COH1_2017,CG60/LH162,20170531,20171121,4.994423425
COH1_2017,LH145/PHZ51,20170531,20171121,6.360247903
COH1_2017,PHN66/PHG29,20170531,20171121,6.060218445
COH1_2017,PHW52/PHR55,20170531,20171121,4.788545471
COH1_2017,PHG80/PHZ51,20170531,20171121,9.261716071
COH1_2017,CG124/S8324,20170531,20171121,8.034261636
COH1_2017,PHN66/PHW30,20170531,20171121,6.790206436
COH1_2017,PHN82/PHRE1,20170531,20171121,7.849097013
COH1_2017,PHW03/LH145,20170531,20171121,3.068711339
COH1_2017,B37/MO17,20170531,20171121,7.863384255
COH1_2017,PHB47/DK3IIH6,20170531,20171121,6.032600671
COH1_2017,CG120/PHR25,20170531,20171121,6.694799579
COH1_2017,CGR01/LH198,20170531,20171121,7.07203327
COH1_2017,CG124/PHRE1,20170531,20171121,5.939704521
COH1_2017,PHN66/PHG47,20170531,20171121,8.380739169
COH1_2017,PHB47/PHZ51,20170531,20171121,6.537880407
COH1_2017,WF9/H95,20170531,20171121,5.728177476
COH1_2017,PHP02/PHB47,20170531,20171121,7.86667196
COH1_2017,ICI_441/LH185,20170531,20171121,7.802648938
COH1_2017,LH195/PHN82,20170531,20171121,5.333368838
COH1_2017,PHG29/PHHV4,20170531,20171121,9.054236258
COH1_2017,LH195/PHZ51,20170531,20171121,7.033539063
COH1_2017,PHP02/PHG47,20170531,20171121,6.223414385
COH1_2017,LH145/PHK05,20170531,20171121,4.299585329
COH1_2017,PHW52/LH82,20170531,20171121,8.729727409
COH1_2017,CG124/PHRE1,20170531,20171121,4.336618254
COH1_2017,LH198/PHZ51,20170531,20171121,7.625644111
COH1_2017,PHB47/PHG29,20170531,20171121,8.192436162
COH1_2017,CG123/PHHV4,20170531,20171121,6.900049857
COH1_2017,PHK05/PHRE1,20170531,20171121,7.161791037
COH1_2017,PHN11_PHG47_0251/PHB47,20170531,20171121,6.88435794
COH1_2017,LH195/PHZ51,20170531,20171121,5.318932274
COH1_2017,B73/PHN82,20170531,20171121,6.055824708
COH1_2017,LH198/LH51,20170531,20171121,5.57565204
COH1_2017,PHN66/LH185,20170531,20171121,8.846475274
COH1_2017,CG120/PHR25,20170531,20171121,6.090346926
COH1_2017,LH198/PHG47,20170531,20171121,10.50228638
COH1_2017,LH198/LH82,20170531,20171121,7.397169796
COH1_2017,B73/TX779,20170531,20171121,3.014731144
COH1_2017,LH185/PHB47,20170531,20171121,7.331263743
COH1_2017,LH185/PHB47,20170531,20171121,8.771154071
COH1_2017,S8326/PHHV4,20170531,20171121,7.095884984
COH1_2017,LH195/PHG47,20170531,20171121,6.364013963
COH1_2017,PHN66/LH38,20170531,20171121,9.122025341
COH1_2017,S8326/LH145,20170531,20171121,6.965955909
COH1_2017,LH195/PHR55,20170531,20171121,5.187747846
COH1_2017,CG120/LH185,20170531,20171121,8.105816779
COH1_2017,CG120/PHW03,20170531,20171121,8.382622199
COH1_2017,VA35/LH195,20170531,20171121,4.620955794
COH1_2017,PHG29/LH145,20170531,20171121,5.20971653
COH1_2017,LH185/PHRE1,20170531,20171121,6.616339993
COH1_2017,PHHV4/PHK56,20170531,20171121,10.17966056
COH1_2017,PHB47/PHW30,20170531,20171121,8.899827792
COH1_2017,PHN66/PHG83,20170531,20171121,6.644585444
COH1_2017,LH212HT/LH195,20170531,20171121,9.750329708
COH1_2017,CG120/PHR25,20170531,20171121,7.1573973
COH1_2017,PHB47/PHZ51,20170531,20171121,5.721273032
COH1_2017,PHN66/PHZ51,20170531,20171121,8.14347738
COH1_2017,LH145/DK3IIH6,20170531,20171121,3.701409443
COH1_2017,PHG47/LH145,20170531,20171121,6.391631738
COH1_2017,PHN66/LH51,20170531,20171121,7.561621088
COH1_2017,LH198/PHN82,20170531,20171121,8.312950087
COH1_2017,B37/H95,20170531,20171121,4.683095787
COH1_2017,2369/PHN82,20170531,20171121,6.439335166
COH1_2017,PHHV4/DK3IIH6,20170531,20171121,6.907581977
COH1_2017,PHG29/PHG47,20170531,20171121,5.332113484
COH1_2017,PHK05/PHRE1,20170531,20171121,4.703181441
COH1_2017,CG123/S8324,20170531,20171121,9.132695844
COH1_2017,2369/PHN82,20170531,20171121,5.881958265
COH1_2017,PHB47/PHZ51,20170531,20171121,6.81405815
COH1_2017,LH195/LH51,20170531,20171121,7.626899464
COH1_2017,PHK56/PHRE1,20170531,20171121,6.001216836
COH1_2017,PB80/PHZ51,20170531,20171121,5.192141582
COH1_2017,LH198/LH51,20170531,20171121,6.588722218
COH1_2017,S8324/PHZ51,20170531,20171121,8.071922238
COH1_2017,PHG29/PHG47,20170531,20171121,5.731943536
COH1_2017,B73/DK3IIH6,20170531,20171121,5.899533212
COH1_2017,PHJ89/S8324,20170531,20171121,8.144732734
COH1_2017,PHN66/PHR55,20170531,20171121,5.640302739
COH1_2017,PHG47/PHHV4,20170531,20171121,8.453549665
COH1_2017,PHG47/PHRE1,20170531,20171121,5.997450776
COH1_2017,LH51/PHB47,20170531,20171121,7.484416856
COH1_2017,B73/DK3IIH6,20170531,20171121,9.514950949
COH1_2017,CG124/LH145,20170531,20171121,6.613829286
COH1_2017,LH198/PHK56,20170531,20171121,5.627121529
COH1_2017,LH145/LH162,20170531,20171121,5.371029439
COH1_2017,LH82/S8324,20170531,20171121,5.698676672
COH1_2017,B73/TX6252,20170531,20171121,12.99102446
COH1_2017,PHB47/PHR25,20170531,20171121,8.166073741
COH1_2017,LH195/PHR55,20170531,20171121,6.499592128
COH1_2017,W10008_0069/PHB47,20170531,20171121,8.762366597
COH1_2017,PHB47/PHK05,20170531,20171121,8.04116608
COH1_2017,CG118/CGR01,20170531,20171121,4.929772726
COH1_2017,LH185/PHRE1,20170531,20171121,6.63391494
COH1_2017,PHN66/PHZ51,20170531,20171121,5.769604138
COH1_2017,PHN82/S8324,20170531,20171121,5.409945394
COH1_2017,LH51/PHB47,20170531,20171121,5.82421201
COH1_2017,LH195/LH51,20170531,20171121,4.123835855
COH1_2017,PHJ89/LH145,20170531,20171121,4.754023253
COH1_2017,PHB47/PHG47,20170531,20171121,9.857034745
COH1_2017,F42/OH43,20170531,20171121,10.53079429
COH1_2017,PHB47/PHK56,20170531,20171121,6.701704023
COH1_2017,PHN82/PHRE1,20170531,20171121,9.346733596
COH1_2017,LH82/PHRE1,20170531,20171121,5.256164605
COH1_2017,LH195/PHK56,20170531,20171121,5.525437905
COH1_2017,PHG47/PHHV4,20170531,20171121,8.278427869
COH1_2017,PHW03/LH145,20170531,20171121,5.57188598
COH1_2017,PHHV4/PHZ51,20170531,20171121,5.214110267
COH1_2017,PHW52/LH38,20170531,20171121,6.679107662
COH1_2017,CG123/PHHV4,20170531,20171121,7.79260611
COH1_2017,CG123/S8324,20170531,20171121,7.845330952
COH1_2017,LH195/LH38,20170531,20171121,5.216620973
COH1_2017,LH198/PHZ51,20170531,20171121,7.541535434
COH1_2017,PHN66/LH51,20170531,20171121,7.417883126
COH1_2017,W37A/PHB47,20170531,20171121,8.58159571
COH1_2017,CGR01/LH82,20170531,20171121,10.31963247
COH1_2017,PHG29/PHRE1,20170531,20171121,6.753801188
COH1_2017,PHW03/S8324,20170531,20171121,7.940737809
COH1_2017,CGR01/LH198,20170531,20171121,5.042126853
COH1_2017,PHW52/PHZ51,20170531,20171121,8.471752289
COH1_2017,PHB47/PHG47,20170531,20171121,6.788323406
COH1_2017,CG124/CG120,20170531,20171121,9.027873837
COH1_2017,CG124/PHHV4,20170531,20171121,4.770970523
COH1_2017,LH145/LH185,20170531,20171121,8.769898717
COH1_2017,PHW52/LH185,20170531,20171121,7.439224134
COH1_2017,CGR01/LH195,20170531,20171121,6.888751676
COH1_2017,LH162/PHB47,20170531,20171121,10.80482655
COH1_2017,LH198/PHZ51,20170531,20171121,6.752545835
COH1_2017,ICI_441/PHG29,20170531,20171121,7.668326126
COH1_2017,PHB47/PHZ51,20170531,20171121,5.915852806
COH1_2017,LH212HT/LH195,20170531,20171121,2.868429321
COH1_2017,B14A/OH43,20170531,20171121,5.694282935
COH1_2017,PB80/PHZ51,20170531,20171121,5.768348784
COH1_2017,PHW52/LH51,20170531,20171121,6.967211263
COH1_2017,PHJ89/S8324,20170531,20171121,9.265763303
COH1_2017,PHN11_PHW65_0323/LH195,20170531,20171121,5.725039093
COH1_2017,CG120/PHZ51,20170531,20171121,6.72304503
COH1_2017,LH198/PHN82,20170531,20171121,5.719390002
COH1_2017,PHG47/LH145,20170531,20171121,4.893367478
COH1_2017,CG120/LH185,20170531,20171121,7.362647578
COH1_2017,CG124/PHHV4,20170531,20171121,6.751290481
COH1_2017,PHB47/PHG29,20170531,20171121,7.871065697
COH1_2017,LH82/PHB47,20170531,20171121,5.918363513
COH1_2017,LH82/S8324,20170531,20171121,9.946792512
COH1_2017,ICI_441/LH185,20170531,20171121,7.78884005
COH1_2017,PHB47/PHZ51,20170531,20171121,8.91740274
COH1_2017,S8324/LH162,20170531,20171121,10.68870636
COH1_2017,LH198/LH38,20170531,20171121,6.525326873
COH1_2017,CGR01/LH198,20170531,20171121,8.109582839
COH1_2017,ICI_441/PHW30,20170531,20171121,8.031123253
COH1_2017,CG119/CG108,20170531,20171121,6.980392473
COH1_2017,PHRE1/PHR25,20170531,20171121,6.842303601
COH1_2017,TX714/TX777,20170531,20171121,1.237150757
COH1_2017,PHN11_PHW65_0323/LH195,20170531,20171121,5.511001341
COH1_2017,PHB47/PHW03,20170531,20171121,3.232534955
COH1_2017,CG60/LH185,20170531,20171121,6.246638422
COH1_2017,ICI_441/Q381,20170531,20171121,6.672830895
COH1_2017,PHB47/PHG47,20170531,20171121,7.171206187
COH1_2017,F42/MO17,20170531,20171121,4.414450163
COH1_2017,PHW52/LH82,20170531,20171121,7.249665773
COH1_2017,CG124/S8324,20170531,20171121,5.269345815
COH1_2017,LH195/PHW30,20170531,20171121,6.864899962
COH1_2017,LH82/PHB47,20170531,20171121,8.099540012
COH1_2017,PHN82/LH145,20170531,20171121,7.377084141
COH1_2017,PHW52/Q381,20170531,20171121,7.082076097
COH1_2017,LH198/PHW30,20170531,20171121,6.957796112
COH1_2017,LH195/PHG29,20170531,20171121,6.3684077
COH1_2017,PHW52/LH38,20170531,20171121,8.528243192
COH1_2017,TX740/LH195,20170531,20171121,4.344936039
COH1_2017,CGR01/LH82,20170531,20171121,10.58183416
COH1_2017,PHB47/PHK05,20170531,20171121,7.032489638
COH1_2017,PB80/PHZ51,20170531,20171121,6.985413887
COH1_2017,PHG47/PHHV4,20170531,20171121,7.061362766
COH1_2017,PHN66/PHR55,20170531,20171121,7.466841908
COH1_2017,CG123/S8324,20170531,20171121,8.673236507
COH1_2017,CG120/PHK05,20170531,20171121,5.962928558
COH1_2017,PHB47/PHK56,20170531,20171121,8.434091688
COH1_2017,PHW52/PHN82,20170531,20171121,8.92681789
COH1_2017,PHB47/PHW03,20170531,20171121,9.500514385
COH1_2017,ICI_441/LH82,20170531,20171121,6.00435522
COH1_2017,B73/MO17,20170531,20171121,7.002988834
COH1_2017,PHN66/PHK56,20170531,20171121,8.348727658
COH1_2017,W10005_0107/PHB47,20170531,20171121,4.118814442
COH1_2017,PHB47/PHZ51,20170531,20171121,5.986780272
COH1_2017,LH195/LH82,20170531,20171121,5.418732868
COH1_2017,W10005_0147/PHB47,20170531,20171121,7.613090577
COH1_2017,CG60/LH162,20170531,20171121,4.791683854
COH1_2017,PHW52/Q381,20170531,20171121,9.163452002
COH1_2017,LH212HT/LH195,20170531,20171121,12.10474497
COH1_2017,PHW52/PHK56,20170531,20171121,9.474151964
COH1_2017,PHHV4/LH185,20170531,20171121,8.255203831
COH1_2017,CG120/LH162,20170531,20171121,8.243905651
COH1_2017,B73/PHN82,20170531,20171121,5.435680138
COH1_2017,PHG29/CG120,20170531,20171121,9.592155182
COH1_2017,PHN11_OH43_0001/PHB47,20170531,20171121,6.536709447
COH1_2017,PHJ89/LH145,20170531,20171121,6.760705632
COH1_2017,GEMN-0260/DK3IIH6,20170531,20171121,3.498669872
COH1_2017,LH145/LH82,20170531,20171121,8.357515132
COH1_2017,PHHV4/PHK05,20170531,20171121,6.818451887
COH1_2017,LH195/PHZ51,20170531,20171121,10.07546623
COH1_2017,PHW52/PHM49,20170531,20171121,5.865010994
COH1_2017,PHN66/PHG29,20170531,20171121,5.987407949
COH1_2017,CGR01/LH82,20170531,20171121,4.182209788
COH1_2017,CG120/PHZ51,20170531,20171121,9.855835983
COH1_2017,CG120/PHR25,20170531,20171121,5.939704521
COH1_2017,A679/DK3IIH6,20170531,20171121,11.85064283
COH1_2017,PHHV4/LH185,20170531,20171121,9.873354339
COH1_2017,PHN66/PHG29,20170531,20171121,7.348211014
COH1_2017,LH195/Q381,20170531,20171121,10.08425371
COH1_2017,B73/TX6252,20170531,20171121,3.275410027
COH1_2017,PHW52/PHM49,20170531,20171121,5.690516875
COH1_2017,PHG29/LH145,20170531,20171121,6.627638173
COH1_2017,GEMN-0268/DK3IIH6,20170531,20171121,5.953513408
COH1_2017,TX773/LH195,20170531,20171121,2.668253611
COH1_2017,LH198/PHW30,20170531,20171121,8.334918771
COH1_2017,S8326/S8324,20170531,20171121,5.847436047
COH1_2017,F42/H95,20170531,20171121,12.42109402
COH1_2017,PHW52/LH38,20170531,20171121,8.501253094
COH1_2017,PHW03/S8324,20170531,20171121,10.63723687
COH1_2017,PHN66/LH38,20170531,20171121,4.69564932
COH1_2017,PHB47/Q381,20170531,20171121,5.768976461
COH1_2017,S8324/PHK56,20170531,20171121,11.2234869
COH1_2017,CG123/PHHV4,20170531,20171121,4.693138614
COH1_2017,PHRE1/PHR25,20170531,20171121,7.163674067
COH1_2017,LH195/PHK56,20170531,20171121,4.535591764
COH1_2017,PHG29/S8324,20170531,20171121,8.169839801
COH1_2017,PHN82/LH145,20170531,20171121,8.843964567
COH1_2017,B14A/MO17,20170531,20171121,6.786440376
COH1_2017,PHB47/PHZ51,20170531,20171121,6.933316721
COH1_2017,PHB47/Q381,20170531,20171121,5.752656867
COH1_2017,PHW52/LH82,20170531,20171121,7.097140338
COH1_2017,PHG39/TX205,20170531,20171121,3.857700939
COH1_2017,LH198/Q381,20170531,20171121,7.678368953
COH1_2017,LH198/PHG29,20170531,20171121,8.926190213
COH1_2017,PHW52/PHG47,20170531,20171121,7.331263743
COH1_2017,PHJ40/LH82,20170531,20171121,7.869182667
COH1_2017,TX770/LH195,20170531,20171121,12.46480972
COH1_2017,W37A/PHB47,20170531,20171121,8.063762441
COH1_2017,PHG29/CG120,20170531,20171121,4.497303486
COH1_2017,PHB47/Q381,20170531,20171121,4.330341487
COH1_2017,PHW52/LH38,20170531,20171121,6.378450527
COH1_2017,LH195/PHG83,20170531,20171121,5.492798717
COH1_2017,W10005_0107/PHB47,20170531,20171121,6.379078204
COH1_2017,B73/DK3IIH6,20170531,20171121,13.75926181
COH1_2017,2369/PHN82,20170531,20171121,6.72492806
COH1_2017,PHB47/Q381,20170531,20171121,8.526987838
COH1_2017,PHW52/PHR55,20170531,20171121,5.654739303
COH1_2017,PHW52/Q381,20170531,20171121,7.585472803
COH1_2017,F42/OH43,20170531,20171121,2.790360165
COH1_2017,W10001_0022/PHB47,20170531,20171121,5.964811588
COH1_2017,F42/OH43,20170531,20171121,10.75649544
COH1_2017,W10008_0069/PHB47,20170531,20171121,3.08565861
COH1_2017,S8324/PHK56,20170531,20171121,8.705248018
COH1_2017,ICI_441/PHK56,20170531,20171121,6.610690903
COH1_2017,CG44/CGR01,20170531,20171121,4.94420929
COH1_2017,PHP02/PHG47,20170531,20171121,5.952258054
COH1_2017,S8324/PHR25,20170531,20171121,8.13971132
COH1_2017,B73/PHM49,20170531,20171121,3.785518119
COH1_2017,LH195/PHW30,20170531,20171121,7.034372669
COH1_2017,PHK05/PHRE1,20170531,20171121,7.482533825
COH1_2017,ICI_441/PHK56,20170531,20171121,5.660388393
COH1_2017,LH195/LH51,20170531,20171121,6.813430474
COH1_2017,F42/H95,20170531,20171121,5.768976461
COH1_2017,LH82/S8324,20170531,20171121,6.818451887
COH1_2017,LH145/LH82,20170531,20171121,7.277283548
COH1_2017,ICI_441/PHR55,20170531,20171121,8.257714538
COH1_2017,PHW52/PHG29,20170531,20171121,8.024218809
COH1_2017,F42/MO17,20170531,20171121,8.678885597
COH1_2017,TX773/LH195,20170531,20171121,3.257073254
COH1_2017,PHHV4/LH185,20170531,20171121,8.625533079
COH1_2017,LH185/S8324,20170531,20171121,9.825023234
COH1_2017,B73/TX779,20170531,20171121,4.696904674
COH1_2017,S8324/PHR25,20170531,20171121,6.349577399
COH1_2017,W10005_0147/PHB47,20170531,20171121,8.741653266
COH1_2017,PHW52/PHK56,20170531,20171121,8.409612297
COH1_2017,PHB47/PHG83,20170531,20171121,7.591121893
COH1_2017,ICI_441/PHR55,20170531,20171121,7.171833864
COH1_2017,LH195/PHN82,20170531,20171121,6.279905287
COH1_2017,LH195/PHZ51,20170531,20171121,6.647096151
COH1_2017,CG60/LH82,20170531,20171121,7.412234036
COH1_2017,ICI_441/LH82,20170531,20171121,7.930694982
COH1_2017,TX773/LH195,20170531,20171121,3.987002337
COH1_2017,LH185/S8324,20170531,20171121,5.643572281
COH1_2017,PHB47/PHN82,20170531,20171121,8.515061981
COH1_2017,CG123/PHRE1,20170531,20171121,5.697421318
COH1_2017,PHN11_OH43_0001/PHB47,20170531,20171121,4.506509906
COH1_2017,LH82/PHB47,20170531,20171121,7.299879909
COH1_2017,2369/PHZ51,20170531,20171121,6.381588911
COH1_2017,ICI_441/LH38,20170531,20171121,8.943137484
COH1_2017,CG124/PHHV4,20170531,20171121,6.994829037
COH1_2017,LH198/LH38,20170531,20171121,6.786440376
COH1_2017,PHG80/PHZ51,20170531,20171121,7.178738307
COH1_2017,PHN66/PHR55,20170531,20171121,5.443212259
COH1_2017,CG120/DK3IIH6,20170531,20171121,6.694799579
COH1_2017,ICI_441/PHK56,20170531,20171121,8.031123253
COH1_2017,LH145/LH162,20170531,20171121,9.45406631
COH1_2017,LH198/PHK56,20170531,20171121,9.681285272
COH1_2017,B14A/H95,20170531,20171121,6.406695978
COH1_2017,PHW52/PHG29,20170531,20171121,9.233751791
COH1_2017,CG118/CGR01,20170531,20171121,4.040982532
COH1_2017,LH198/PHG83,20170531,20171121,3.81376357
COH1_2017,PHHV4/PHW03,20170531,20171121,5.844297664
COH1_2017,PHHV4/LH185,20170531,20171121,10.56128799
COH1_2017,LH145/PHZ51,20170531,20171121,8.253320801
COH1_2017,2369/DK3IIH6,20170531,20171121,7.389009999
COH1_2017,LH198/PHW30,20170531,20171121,7.587983509
COH1_2017,B73/TX6252,20170531,20171121,10.27757813
COH1_2017,PHW52/LH185,20170531,20171121,7.461192818
COH1_2017,LH195/PHW30,20170531,20171121,6.824100977
COH1_2017,PHB47/PHG29,20170531,20171121,8.279055545
COH1_2017,ICI_441/PHW30,20170531,20171121,8.265246658
COH1_2017,LH198/PHG83,20170531,20171121,3.339867669
COH1_2017,S8326/PHRE1,20170531,20171121,5.260558342
COH1_2017,PHK56/PHRE1,20170531,20171121,9.682540625
COH1_2017,LH74/PHN82,20170531,20171121,11.54161058
COH1_2017,LH51/PHB47,20170531,20171121,9.522483069
COH1_2017,PHN66/PHG29,20170531,20171121,9.160313619
COH1_2017,LH74/PHN82,20170531,20171121,11.85681268
COH1_2017,PHG47/PHRE1,20170531,20171121,5.789062115
COH1_2017,PHB47/PHK56,20170531,20171121,8.738514883
COH1_2017,PHJ40/LH82,20170531,20171121,7.501991803
COH1_2017,LH198/PHN82,20170531,20171121,7.463075848
COH1_2017,ICI_441/LH51,20170531,20171121,7.461820495
COH1_2017,PHB47/PHR25,20170531,20171121,7.700965314
COH1_2017,ICI_441/LH38,20170531,20171121,6.057080062
COH1_2017,PHJ89/LH145,20170531,20171121,5.423126604
COH1_2017,PHW52/PHN82,20170531,20171121,8.877231431
COH1_2017,LH195/PHG47,20170531,20171121,6.936455105
COH1_2017,TX770/LH195,20170531,20171121,12.79300132
COH1_2017,TX772W/LH195,20170531,20171121,4.85131314
COH1_2017,PHN66/PHR55,20170531,20171121,5.427520341
COH1_2017,CG118/CGR01,20170531,20171121,6.789578759
COH1_2017,LH82/PHB47,20170531,20171121,5.556194063
COH1_2017,CG123/PHHV4,20170531,20171121,5.266835109
COH1_2017,PHN82/LH145,20170531,20171121,6.656511301
COH1_2017,PHHV4/PHR25,20170531,20171121,9.858917775
COH1_2017,S8326/CG120,20170531,20171121,6.736853917
COH1_2017,LH145/PHK05,20170531,20171121,6.249776806
COH1_2017,PHB47/DK3IIH6,20170531,20171121,5.694910611
COH1_2017,W10008_0069/PHB47,20170531,20171121,5.245494101
COH1_2017,LH185/LH198,20170531,20171121,10.39244296
COH1_2017,PHP02/PHB47,20170531,20171121,7.377084141
COH1_2017,LH216/LH195,20170531,20171121,6.817196534
COH1_2017,PHG80/PHZ51,20170531,20171121,15.00046545
COH1_2017,PHN11_PHW65_0323/LH195,20170531,20171121,7.254687187
COH1_2017,TX303/TX777,20170531,20171121,9.741621496
COH1_2017,LH198/LH82,20170531,20171121,11.00505541
COH1_2017,CG119/CG108,20170531,20171121,5.108032906
COH1_2017,B73/PHM49,20170531,20171121,7.333146773
COH1_2017,PHW52/PHW30,20170531,20171121,8.684534687
COH1_2017,PHHV4/PHR25,20170531,20171121,7.366413638
COH1_2017,PHN66/LH38,20170531,20171121,9.01594798
COH1_2017,ICI_441/PHG47,20170531,20171121,6.330119422
COH1_2017,A679/DK3IIH6,20170531,20171121,11.56682605
COH1_2017,GEMN-0268/DK3IIH6,20170531,20171121,7.541535434
COH1_2017,PHG29/PHRE1,20170531,20171121,6.067122889
COH1_2017,LH195/LH82,20170531,20171121,7.538397051
COH1_2017,LH38/PHB47,20170531,20171121,7.77189278
COH1_2017,PHB47/PHG83,20170531,20171121,5.068489274
COH1_2017,LH185/S8324,20170531,20171121,7.618739667
COH1_2017,B14A/MO17,20170531,20171121,4.019013848
COH1_2017,LH198/PHG47,20170531,20171121,7.336912833
COH1_2017,S8326/PHHV4,20170531,20171121,7.639452998
COH1_2017,PHG39/TX205,20170531,20171121,9.864566865
COH1_2017,B73/PHM49,20170531,20171121,4.845664049
COH1_2017,S8326/PHHV4,20170531,20171121,11.6220616
COH1_2017,TX303/TX777,20170531,20171121,6.476995768
COH1_2017,CG44/CGR01,20170531,20171121,6.924529248
COH1_2017,PHJ89/PHRE1,20170531,20171121,7.737370562
COH1_2017,PHB47/PHG29,20170531,20171121,7.012403984
COH1_2017,PHB47/PHW03,20170531,20171121,6.785185022
COH1_2017,S8324/PHR25,20170531,20171121,7.163674067
COH1_2017,PHJ89/PHRE1,20170531,20171121,4.114420705
COH1_2017,PHW52/PHN82,20170531,20171121,6.492687685
COH1_2017,PHW52/LH51,20170531,20171121,5.912714423
COH1_2017,B73/TX779,20170531,20171121,3.137755775
COH1_2017,PHW52/PHG83,20170531,20171121,5.263696725
